17,22,24,36,37,52
22,17,24,36,37,52
24,17,22,36,37,52
36,17,22,24,37,52
37,17,22,24,36,52
52,17,22,24,36,37
1,10,14,30,40,51
10,1,14,30,40,51
14,1,10,30,40,51
30,1,10,14,40,51
40,1,10,14,30,51
51,1,10,14,30,40
15,19,26,36,7,8
19,15,26,36,7,8
26,15,19,36,7,8
36,15,19,26,7,8
7,15,19,26,36,8
8,15,19,26,36,7
13,27,32,37,41,54
27,13,32,37,41,54
32,13,27,37,41,54
37,13,27,32,41,54
41,13,27,32,37,54
54,13,27,32,37,41
12,17,35,4,50,57
17,12,35,4,50,57
35,12,17,4,50,57
4,12,17,35,50,57
50,12,17,35,4,57
57,12,17,35,4,50
18,30,47,51,53,58
30,18,47,51,53,58
47,18,30,51,53,58
51,18,30,47,53,58
53,18,30,47,51,58
58,18,30,47,51,53
10,15,29,33,41,59
15,10,29,33,41,59
29,10,15,33,41,59
33,10,15,29,41,59
41,10,15,29,33,59
59,10,15,29,33,41
16,20,31,36,6,8
20,16,31,36,6,8
31,16,20,36,6,8
36,16,20,31,6,8
6,16,20,31,36,8
8,16,20,31,36,6
24,26,45,48,55,8
26,24,45,48,55,8
45,24,26,48,55,8
48,24,26,45,55,8
55,24,26,45,48,8
8,24,26,45,48,55
36,39,44,45,9,9
39,36,44,45,9,9
44,36,39,45,9,9
45,36,39,44,9,9
9,36,39,44,45,9
9,36,39,44,45,9
14,20,24,39,49,7
20,14,24,39,49,7
24,14,20,39,49,7
39,14,20,24,49,7
49,14,20,24,39,7
7,14,20,24,39,49
10,21,32,44,52,7
21,10,32,44,52,7
32,10,21,44,52,7
44,10,21,32,52,7
52,10,21,32,44,7
7,10,21,32,44,52
12,13,17,45,5,54
13,12,17,45,5,54
17,12,13,45,5,54
45,12,13,17,5,54
5,12,13,17,45,54
54,12,13,17,45,5
10,15,31,4,52,59
15,10,31,4,52,59
31,10,15,4,52,59
4,10,15,31,52,59
52,10,15,31,4,59
59,10,15,31,4,52
33,36,4,40,44,52
36,33,4,40,44,52
4,33,36,40,44,52
40,33,36,4,44,52
44,33,36,4,40,52
52,33,36,4,40,44
21,22,34,49,52,58
22,21,34,49,52,58
34,21,22,49,52,58
49,21,22,34,52,58
52,21,22,34,49,58
58,21,22,34,49,52
14,20,32,38,52,6
20,14,32,38,52,6
32,14,20,38,52,6
38,14,20,32,52,6
52,14,20,32,38,6
6,14,20,32,38,52
15,21,22,41,49,5
21,15,22,41,49,5
22,15,21,41,49,5
41,15,21,22,49,5
49,15,21,22,41,5
5,15,21,22,41,49
11,20,34,41,49,55
20,11,34,41,49,55
34,11,20,41,49,55
41,11,20,34,49,55
49,11,20,34,41,55
55,11,20,34,41,49
1,12,5,53,56,57
12,1,5,53,56,57
5,1,12,53,56,57
53,1,12,5,56,57
56,1,12,5,53,57
57,1,12,5,53,56
11,13,34,40,47,57
13,11,34,40,47,57
34,11,13,40,47,57
40,11,13,34,47,57
47,11,13,34,40,57
57,11,13,34,40,47
37,38,51,52,53,58
38,37,51,52,53,58
51,37,38,52,53,58
52,37,38,51,53,58
53,37,38,51,52,58
58,37,38,51,52,53
15,20,21,23,28,36
20,15,21,23,28,36
21,15,20,23,28,36
23,15,20,21,28,36
28,15,20,21,23,36
36,15,20,21,23,28
2,27,29,55,58,7
27,2,29,55,58,7
29,2,27,55,58,7
55,2,27,29,58,7
58,2,27,29,55,7
7,2,27,29,55,58
1,10,24,28,3,41
10,1,24,28,3,41
24,1,10,28,3,41
28,1,10,24,3,41
3,1,10,24,28,41
41,1,10,24,28,3
14,38,39,4,43,9
38,14,39,4,43,9
39,14,38,4,43,9
4,14,38,39,43,9
43,14,38,39,4,9
9,14,38,39,4,43
18,25,34,40,48,59
25,18,34,40,48,59
34,18,25,40,48,59
40,18,25,34,48,59
48,18,25,34,40,59
59,18,25,34,40,48
14,22,27,32,49,5
22,14,27,32,49,5
27,14,22,32,49,5
32,14,22,27,49,5
49,14,22,27,32,5
5,14,22,27,32,49
12,13,30,35,38,9
13,12,30,35,38,9
30,12,13,35,38,9
35,12,13,30,38,9
38,12,13,30,35,9
9,12,13,30,35,38
11,18,29,36,6,8
18,11,29,36,6,8
29,11,18,36,6,8
36,11,18,29,6,8
6,11,18,29,36,8
8,11,18,29,36,6
30,31,39,50,54,9
31,30,39,50,54,9
39,30,31,50,54,9
50,30,31,39,54,9
54,30,31,39,50,9
9,30,31,39,50,54
10,11,30,45,47,48
11,10,30,45,47,48
30,10,11,45,47,48
45,10,11,30,47,48
47,10,11,30,45,48
48,10,11,30,45,47
13,25,30,32,38,57
25,13,30,32,38,57
30,13,25,32,38,57
32,13,25,30,38,57
38,13,25,30,32,57
57,13,25,30,32,38
27,38,43,47,48,6
38,27,43,47,48,6
43,27,38,47,48,6
47,27,38,43,48,6
48,27,38,43,47,6
6,27,38,43,47,48
10,14,3,3,52,53
14,10,3,3,52,53
3,10,14,3,52,53
3,10,14,3,52,53
52,10,14,3,3,53
53,10,14,3,3,52
10,4,41,44,48,56
4,10,41,44,48,56
41,10,4,44,48,56
44,10,4,41,48,56
48,10,4,41,44,56
56,10,4,41,44,48
20,21,23,38,42,6
21,20,23,38,42,6
23,20,21,38,42,6
38,20,21,23,42,6
42,20,21,23,38,6
6,20,21,23,38,42
22,27,3,35,37,45
27,22,3,35,37,45
3,22,27,35,37,45
35,22,27,3,37,45
37,22,27,3,35,45
45,22,27,3,35,37
16,22,25,30,51,58
22,16,25,30,51,58
25,16,22,30,51,58
30,16,22,25,51,58
51,16,22,25,30,58
58,16,22,25,30,51
20,27,30,38,46,59
27,20,30,38,46,59
30,20,27,38,46,59
38,20,27,30,46,59
46,20,27,30,38,59
59,20,27,30,38,46
1,11,2,20,25,27
11,1,2,20,25,27
2,1,11,20,25,27
20,1,11,2,25,27
25,1,11,2,20,27
27,1,11,2,20,25
1,15,16,17,41,57
15,1,16,17,41,57
16,1,15,17,41,57
17,1,15,16,41,57
41,1,15,16,17,57
57,1,15,16,17,41
19,28,30,36,37,53
28,19,30,36,37,53
30,19,28,36,37,53
36,19,28,30,37,53
37,19,28,30,36,53
53,19,28,30,36,37
22,26,30,31,4,52
26,22,30,31,4,52
30,22,26,31,4,52
31,22,26,30,4,52
4,22,26,30,31,52
52,22,26,30,31,4
10,22,23,29,52,7
22,10,23,29,52,7
23,10,22,29,52,7
29,10,22,23,52,7
52,10,22,23,29,7
7,10,22,23,29,52
31,33,36,50,58,9
33,31,36,50,58,9
36,31,33,50,58,9
50,31,33,36,58,9
58,31,33,36,50,9
9,31,33,36,50,58
32,33,39,4,47,55
33,32,39,4,47,55
39,32,33,4,47,55
4,32,33,39,47,55
47,32,33,39,4,55
55,32,33,39,4,47
10,12,22,26,27,7
12,10,22,26,27,7
22,10,12,26,27,7
26,10,12,22,27,7
27,10,12,22,26,7
7,10,12,22,26,27
13,22,27,32,4,56
22,13,27,32,4,56
27,13,22,32,4,56
32,13,22,27,4,56
4,13,22,27,32,56
56,13,22,27,32,4
17,19,20,21,40,51
19,17,20,21,40,51
20,17,19,21,40,51
21,17,19,20,40,51
40,17,19,20,21,51
51,17,19,20,21,40
11,14,22,33,38,42
14,11,22,33,38,42
22,11,14,33,38,42
33,11,14,22,38,42
38,11,14,22,33,42
42,11,14,22,33,38
10,20,35,39,51,57
20,10,35,39,51,57
35,10,20,39,51,57
39,10,20,35,51,57
51,10,20,35,39,57
57,10,20,35,39,51
17,20,33,36,59,7
20,17,33,36,59,7
33,17,20,36,59,7
36,17,20,33,59,7
59,17,20,33,36,7
7,17,20,33,36,59
20,21,34,34,43,7
21,20,34,34,43,7
34,20,21,34,43,7
34,20,21,34,43,7
43,20,21,34,34,7
7,20,21,34,34,43
1,13,18,37,39,44
13,1,18,37,39,44
18,1,13,37,39,44
37,1,13,18,39,44
39,1,13,18,37,44
44,1,13,18,37,39
16,27,30,35,42,8
27,16,30,35,42,8
30,16,27,35,42,8
35,16,27,30,42,8
42,16,27,30,35,8
8,16,27,30,35,42
13,30,44,51,52,55
30,13,44,51,52,55
44,13,30,51,52,55
51,13,30,44,52,55
52,13,30,44,51,55
55,13,30,44,51,52
12,20,25,30,36,47
20,12,25,30,36,47
25,12,20,30,36,47
30,12,20,25,36,47
36,12,20,25,30,47
47,12,20,25,30,36
14,24,26,37,41,46
24,14,26,37,41,46
26,14,24,37,41,46
37,14,24,26,41,46
41,14,24,26,37,46
46,14,24,26,37,41
2,32,35,42,49,6
32,2,35,42,49,6
35,2,32,42,49,6
42,2,32,35,49,6
49,2,32,35,42,6
6,2,32,35,42,49
11,11,12,15,16,28
11,11,12,15,16,28
12,11,11,15,16,28
15,11,11,12,16,28
16,11,11,12,15,28
28,11,11,12,15,16
17,17,20,39,59,7
17,17,20,39,59,7
20,17,17,39,59,7
39,17,17,20,59,7
59,17,17,20,39,7
7,17,17,20,39,59
16,2,20,34,46,7
2,16,20,34,46,7
20,16,2,34,46,7
34,16,2,20,46,7
46,16,2,20,34,7
7,16,2,20,34,46
15,20,24,25,53,59
20,15,24,25,53,59
24,15,20,25,53,59
25,15,20,24,53,59
53,15,20,24,25,59
59,15,20,24,25,53
1,27,36,39,49,7
27,1,36,39,49,7
36,1,27,39,49,7
39,1,27,36,49,7
49,1,27,36,39,7
7,1,27,36,39,49
12,23,33,34,38,7
23,12,33,34,38,7
33,12,23,34,38,7
34,12,23,33,38,7
38,12,23,33,34,7
7,12,23,33,34,38
10,11,40,44,5,8
11,10,40,44,5,8
40,10,11,44,5,8
44,10,11,40,5,8
5,10,11,40,44,8
8,10,11,40,44,5
14,16,5,53,54,59
16,14,5,53,54,59
5,14,16,53,54,59
53,14,16,5,54,59
54,14,16,5,53,59
59,14,16,5,53,54
20,21,32,37,4,8
21,20,32,37,4,8
32,20,21,37,4,8
37,20,21,32,4,8
4,20,21,32,37,8
8,20,21,32,37,4
10,30,37,39,47,54
30,10,37,39,47,54
37,10,30,39,47,54
39,10,30,37,47,54
47,10,30,37,39,54
54,10,30,37,39,47
10,11,12,2,20,5
11,10,12,2,20,5
12,10,11,2,20,5
2,10,11,12,20,5
20,10,11,12,2,5
5,10,11,12,2,20
13,22,24,27,31,42
22,13,24,27,31,42
24,13,22,27,31,42
27,13,22,24,31,42
31,13,22,24,27,42
42,13,22,24,27,31
11,16,25,41,58,8
16,11,25,41,58,8
25,11,16,41,58,8
41,11,16,25,58,8
58,11,16,25,41,8
8,11,16,25,41,58
1,10,19,20,23,8
10,1,19,20,23,8
19,1,10,20,23,8
20,1,10,19,23,8
23,1,10,19,20,8
8,1,10,19,20,23
11,14,19,33,4,43
14,11,19,33,4,43
19,11,14,33,4,43
33,11,14,19,4,43
4,11,14,19,33,43
43,11,14,19,33,4
11,12,33,44,46,47
12,11,33,44,46,47
33,11,12,44,46,47
44,11,12,33,46,47
46,11,12,33,44,47
47,11,12,33,44,46
1,17,24,38,50,52
17,1,24,38,50,52
24,1,17,38,50,52
38,1,17,24,50,52
50,1,17,24,38,52
52,1,17,24,38,50
16,18,20,3,30,37
18,16,20,3,30,37
20,16,18,3,30,37
3,16,18,20,30,37
30,16,18,20,3,37
37,16,18,20,3,30
18,22,36,37,47,54
22,18,36,37,47,54
36,18,22,37,47,54
37,18,22,36,47,54
47,18,22,36,37,54
54,18,22,36,37,47
22,26,32,38,40,7
26,22,32,38,40,7
32,22,26,38,40,7
38,22,26,32,40,7
40,22,26,32,38,7
7,22,26,32,38,40
24,26,33,52,6,7
26,24,33,52,6,7
33,24,26,52,6,7
52,24,26,33,6,7
6,24,26,33,52,7
7,24,26,33,52,6
19,21,23,27,40,48
21,19,23,27,40,48
23,19,21,27,40,48
27,19,21,23,40,48
40,19,21,23,27,48
48,19,21,23,27,40
13,22,23,31,37,9
22,13,23,31,37,9
23,13,22,31,37,9
31,13,22,23,37,9
37,13,22,23,31,9
9,13,22,23,31,37
22,32,36,51,56,59
32,22,36,51,56,59
36,22,32,51,56,59
51,22,32,36,56,59
56,22,32,36,51,59
59,22,32,36,51,56
23,30,31,34,45,51
30,23,31,34,45,51
31,23,30,34,45,51
34,23,30,31,45,51
45,23,30,31,34,51
51,23,30,31,34,45
36,4,47,5,58,6
4,36,47,5,58,6
47,36,4,5,58,6
5,36,4,47,58,6
58,36,4,47,5,6
6,36,4,47,5,58
2,24,28,45,49,52
24,2,28,45,49,52
28,2,24,45,49,52
45,2,24,28,49,52
49,2,24,28,45,52
52,2,24,28,45,49
14,3,33,36,53,57
3,14,33,36,53,57
33,14,3,36,53,57
36,14,3,33,53,57
53,14,3,33,36,57
57,14,3,33,36,53
11,30,39,42,51,7
30,11,39,42,51,7
39,11,30,42,51,7
42,11,30,39,51,7
51,11,30,39,42,7
7,11,30,39,42,51
11,19,32,36,48,52
19,11,32,36,48,52
32,11,19,36,48,52
36,11,19,32,48,52
48,11,19,32,36,52
52,11,19,32,36,48
13,21,23,24,48,9
21,13,23,24,48,9
23,13,21,24,48,9
24,13,21,23,48,9
48,13,21,23,24,9
9,13,21,23,24,48
12,3,34,36,37,42
3,12,34,36,37,42
34,12,3,36,37,42
36,12,3,34,37,42
37,12,3,34,36,42
42,12,3,34,36,37
29,29,32,36,39,49
29,29,32,36,39,49
32,29,29,36,39,49
36,29,29,32,39,49
39,29,29,32,36,49
49,29,29,32,36,39
10,13,17,21,4,45
13,10,17,21,4,45
17,10,13,21,4,45
21,10,13,17,4,45
4,10,13,17,21,45
45,10,13,17,21,4
31,50,51,58,6,7
50,31,51,58,6,7
51,31,50,58,6,7
58,31,50,51,6,7
6,31,50,51,58,7
7,31,50,51,58,6
2,21,23,31,42,48
21,2,23,31,42,48
23,2,21,31,42,48
31,2,21,23,42,48
42,2,21,23,31,48
48,2,21,23,31,42
12,20,28,40,48,8
20,12,28,40,48,8
28,12,20,40,48,8
40,12,20,28,48,8
48,12,20,28,40,8
8,12,20,28,40,48
1,12,3,4,41,47
12,1,3,4,41,47
3,1,12,4,41,47
4,1,12,3,41,47
41,1,12,3,4,47
47,1,12,3,4,41
11,20,27,3,46,8
20,11,27,3,46,8
27,11,20,3,46,8
3,11,20,27,46,8
46,11,20,27,3,8
8,11,20,27,3,46
15,26,28,32,5,9
26,15,28,32,5,9
28,15,26,32,5,9
32,15,26,28,5,9
5,15,26,28,32,9
9,15,26,28,32,5
10,11,19,27,33,4
11,10,19,27,33,4
19,10,11,27,33,4
27,10,11,19,33,4
33,10,11,19,27,4
4,10,11,19,27,33
19,20,37,42,56,58
20,19,37,42,56,58
37,19,20,42,56,58
42,19,20,37,56,58
56,19,20,37,42,58
58,19,20,37,42,56
22,23,34,43,45,6
23,22,34,43,45,6
34,22,23,43,45,6
43,22,23,34,45,6
45,22,23,34,43,6
6,22,23,34,43,45
11,14,32,5,53,56
14,11,32,5,53,56
32,11,14,5,53,56
5,11,14,32,53,56
53,11,14,32,5,56
56,11,14,32,5,53
23,39,39,4,49,50
39,23,39,4,49,50
39,23,39,4,49,50
4,23,39,39,49,50
49,23,39,39,4,50
50,23,39,39,4,49
21,33,44,45,55,7
33,21,44,45,55,7
44,21,33,45,55,7
45,21,33,44,55,7
55,21,33,44,45,7
7,21,33,44,45,55
24,4,40,44,5,55
4,24,40,44,5,55
40,24,4,44,5,55
44,24,4,40,5,55
5,24,4,40,44,55
55,24,4,40,44,5
13,15,3,32,41,6
15,13,3,32,41,6
3,13,15,32,41,6
32,13,15,3,41,6
41,13,15,3,32,6
6,13,15,3,32,41
17,31,32,43,45,9
31,17,32,43,45,9
32,17,31,43,45,9
43,17,31,32,45,9
45,17,31,32,43,9
9,17,31,32,43,45
16,17,18,40,44,8
17,16,18,40,44,8
18,16,17,40,44,8
40,16,17,18,44,8
44,16,17,18,40,8
8,16,17,18,40,44
12,13,16,42,49,7
13,12,16,42,49,7
16,12,13,42,49,7
42,12,13,16,49,7
49,12,13,16,42,7
7,12,13,16,42,49
2,36,40,49,50,8
36,2,40,49,50,8
40,2,36,49,50,8
49,2,36,40,50,8
50,2,36,40,49,8
8,2,36,40,49,50
18,31,38,46,56,8
31,18,38,46,56,8
38,18,31,46,56,8
46,18,31,38,56,8
56,18,31,38,46,8
8,18,31,38,46,56
17,19,21,39,41,58
19,17,21,39,41,58
21,17,19,39,41,58
39,17,19,21,41,58
41,17,19,21,39,58
58,17,19,21,39,41
14,29,37,44,45,53
29,14,37,44,45,53
37,14,29,44,45,53
44,14,29,37,45,53
45,14,29,37,44,53
53,14,29,37,44,45
16,18,27,36,50,8
18,16,27,36,50,8
27,16,18,36,50,8
36,16,18,27,50,8
50,16,18,27,36,8
8,16,18,27,36,50
19,20,29,38,41,43
20,19,29,38,41,43
29,19,20,38,41,43
38,19,20,29,41,43
41,19,20,29,38,43
43,19,20,29,38,41
12,18,21,22,38,41
18,12,21,22,38,41
21,12,18,22,38,41
22,12,18,21,38,41
38,12,18,21,22,41
41,12,18,21,22,38
12,12,15,19,46,59
12,12,15,19,46,59
15,12,12,19,46,59
19,12,12,15,46,59
46,12,12,15,19,59
59,12,12,15,19,46
12,18,36,39,41,57
18,12,36,39,41,57
36,12,18,39,41,57
39,12,18,36,41,57
41,12,18,36,39,57
57,12,18,36,39,41
24,26,30,45,57,59
26,24,30,45,57,59
30,24,26,45,57,59
45,24,26,30,57,59
57,24,26,30,45,59
59,24,26,30,45,57
1,11,18,29,32,51
11,1,18,29,32,51
18,1,11,29,32,51
29,1,11,18,32,51
32,1,11,18,29,51
51,1,11,18,29,32
11,15,24,50,55,8
15,11,24,50,55,8
24,11,15,50,55,8
50,11,15,24,55,8
55,11,15,24,50,8
8,11,15,24,50,55
18,19,32,54,8,8
19,18,32,54,8,8
32,18,19,54,8,8
54,18,19,32,8,8
8,18,19,32,54,8
8,18,19,32,54,8
1,17,38,4,40,42
17,1,38,4,40,42
38,1,17,4,40,42
4,1,17,38,40,42
40,1,17,38,4,42
42,1,17,38,4,40
33,38,40,41,51,59
38,33,40,41,51,59
40,33,38,41,51,59
41,33,38,40,51,59
51,33,38,40,41,59
59,33,38,40,41,51
19,20,40,41,47,55
20,19,40,41,47,55
40,19,20,41,47,55
41,19,20,40,47,55
47,19,20,40,41,55
55,19,20,40,41,47
11,13,19,21,28,49
13,11,19,21,28,49
19,11,13,21,28,49
21,11,13,19,28,49
28,11,13,19,21,49
49,11,13,19,21,28
25,30,54,57,59,6
30,25,54,57,59,6
54,25,30,57,59,6
57,25,30,54,59,6
59,25,30,54,57,6
6,25,30,54,57,59
11,18,36,38,41,46
18,11,36,38,41,46
36,11,18,38,41,46
38,11,18,36,41,46
41,11,18,36,38,46
46,11,18,36,38,41
12,35,4,50,58,9
35,12,4,50,58,9
4,12,35,50,58,9
50,12,35,4,58,9
58,12,35,4,50,9
9,12,35,4,50,58
18,28,31,37,48,52
28,18,31,37,48,52
31,18,28,37,48,52
37,18,28,31,48,52
48,18,28,31,37,52
52,18,28,31,37,48
17,2,23,28,36,47
2,17,23,28,36,47
23,17,2,28,36,47
28,17,2,23,36,47
36,17,2,23,28,47
47,17,2,23,28,36
13,39,47,49,53,9
39,13,47,49,53,9
47,13,39,49,53,9
49,13,39,47,53,9
53,13,39,47,49,9
9,13,39,47,49,53
12,14,2,25,54,58
14,12,2,25,54,58
2,12,14,25,54,58
25,12,14,2,54,58
54,12,14,2,25,58
58,12,14,2,25,54
13,19,29,35,47,57
19,13,29,35,47,57
29,13,19,35,47,57
35,13,19,29,47,57
47,13,19,29,35,57
57,13,19,29,35,47
15,2,25,52,53,54
2,15,25,52,53,54
25,15,2,52,53,54
52,15,2,25,53,54
53,15,2,25,52,54
54,15,2,25,52,53
13,18,27,3,5,54
18,13,27,3,5,54
27,13,18,3,5,54
3,13,18,27,5,54
5,13,18,27,3,54
54,13,18,27,3,5
19,22,24,32,4,53
22,19,24,32,4,53
24,19,22,32,4,53
32,19,22,24,4,53
4,19,22,24,32,53
53,19,22,24,32,4
16,41,42,5,50,59
41,16,42,5,50,59
42,16,41,5,50,59
5,16,41,42,50,59
50,16,41,42,5,59
59,16,41,42,5,50
12,13,47,48,52,55
13,12,47,48,52,55
47,12,13,48,52,55
48,12,13,47,52,55
52,12,13,47,48,55
55,12,13,47,48,52
12,26,27,3,4,44
26,12,27,3,4,44
27,12,26,3,4,44
3,12,26,27,4,44
4,12,26,27,3,44
44,12,26,27,3,4
27,3,31,35,37,45
3,27,31,35,37,45
31,27,3,35,37,45
35,27,3,31,37,45
37,27,3,31,35,45
45,27,3,31,35,37
1,10,24,38,43,5
10,1,24,38,43,5
24,1,10,38,43,5
38,1,10,24,43,5
43,1,10,24,38,5
5,1,10,24,38,43
13,23,3,30,58,8
23,13,3,30,58,8
3,13,23,30,58,8
30,13,23,3,58,8
58,13,23,3,30,8
8,13,23,3,30,58
1,18,21,39,55,6
18,1,21,39,55,6
21,1,18,39,55,6
39,1,18,21,55,6
55,1,18,21,39,6
6,1,18,21,39,55
11,16,38,40,51,56
16,11,38,40,51,56
38,11,16,40,51,56
40,11,16,38,51,56
51,11,16,38,40,56
56,11,16,38,40,51
12,14,34,36,39,46
14,12,34,36,39,46
34,12,14,36,39,46
36,12,14,34,39,46
39,12,14,34,36,46
46,12,14,34,36,39
2,26,33,39,40,43
26,2,33,39,40,43
33,2,26,39,40,43
39,2,26,33,40,43
40,2,26,33,39,43
43,2,26,33,39,40
12,35,5,57,58,59
35,12,5,57,58,59
5,12,35,57,58,59
57,12,35,5,58,59
58,12,35,5,57,59
59,12,35,5,57,58
35,36,4,51,56,8
36,35,4,51,56,8
4,35,36,51,56,8
51,35,36,4,56,8
56,35,36,4,51,8
8,35,36,4,51,56
13,22,25,28,39,51
22,13,25,28,39,51
25,13,22,28,39,51
28,13,22,25,39,51
39,13,22,25,28,51
51,13,22,25,28,39
25,30,35,4,57,59
30,25,35,4,57,59
35,25,30,4,57,59
4,25,30,35,57,59
57,25,30,35,4,59
59,25,30,35,4,57
2,22,34,35,47,6
22,2,34,35,47,6
34,2,22,35,47,6
35,2,22,34,47,6
47,2,22,34,35,6
6,2,22,34,35,47
18,33,43,45,5,8
33,18,43,45,5,8
43,18,33,45,5,8
45,18,33,43,5,8
5,18,33,43,45,8
8,18,33,43,45,5
14,20,3,37,39,40
20,14,3,37,39,40
3,14,20,37,39,40
37,14,20,3,39,40
39,14,20,3,37,40
40,14,20,3,37,39
19,33,4,41,59,9
33,19,4,41,59,9
4,19,33,41,59,9
41,19,33,4,59,9
59,19,33,4,41,9
9,19,33,4,41,59
14,16,19,30,51,52
16,14,19,30,51,52
19,14,16,30,51,52
30,14,16,19,51,52
51,14,16,19,30,52
52,14,16,19,30,51
14,16,21,27,41,45
16,14,21,27,41,45
21,14,16,27,41,45
27,14,16,21,41,45
41,14,16,21,27,45
45,14,16,21,27,41
23,25,28,34,40,5
25,23,28,34,40,5
28,23,25,34,40,5
34,23,25,28,40,5
40,23,25,28,34,5
5,23,25,28,34,40
21,24,24,3,38,39
24,21,24,3,38,39
24,21,24,3,38,39
3,21,24,24,38,39
38,21,24,24,3,39
39,21,24,24,3,38
19,25,29,45,47,5
25,19,29,45,47,5
29,19,25,45,47,5
45,19,25,29,47,5
47,19,25,29,45,5
5,19,25,29,45,47
1,10,30,36,38,41
10,1,30,36,38,41
30,1,10,36,38,41
36,1,10,30,38,41
38,1,10,30,36,41
41,1,10,30,36,38
28,29,34,44,50,6
29,28,34,44,50,6
34,28,29,44,50,6
44,28,29,34,50,6
50,28,29,34,44,6
6,28,29,34,44,50
12,24,43,44,45,7
24,12,43,44,45,7
43,12,24,44,45,7
44,12,24,43,45,7
45,12,24,43,44,7
7,12,24,43,44,45
13,17,34,35,59,8
17,13,34,35,59,8
34,13,17,35,59,8
35,13,17,34,59,8
59,13,17,34,35,8
8,13,17,34,35,59
17,28,33,38,39,51
28,17,33,38,39,51
33,17,28,38,39,51
38,17,28,33,39,51
39,17,28,33,38,51
51,17,28,33,38,39
1,10,11,37,52,57
10,1,11,37,52,57
11,1,10,37,52,57
37,1,10,11,52,57
52,1,10,11,37,57
57,1,10,11,37,52
11,11,12,32,52,56
11,11,12,32,52,56
12,11,11,32,52,56
32,11,11,12,52,56
52,11,11,12,32,56
56,11,11,12,32,52
23,28,5,50,56,59
28,23,5,50,56,59
5,23,28,50,56,59
50,23,28,5,56,59
56,23,28,5,50,59
59,23,28,5,50,56
16,17,32,39,51,7
17,16,32,39,51,7
32,16,17,39,51,7
39,16,17,32,51,7
51,16,17,32,39,7
7,16,17,32,39,51
11,42,53,54,6,7
42,11,53,54,6,7
53,11,42,54,6,7
54,11,42,53,6,7
6,11,42,53,54,7
7,11,42,53,54,6
1,11,14,23,26,4
11,1,14,23,26,4
14,1,11,23,26,4
23,1,11,14,26,4
26,1,11,14,23,4
4,1,11,14,23,26
29,30,35,45,47,49
30,29,35,45,47,49
35,29,30,45,47,49
45,29,30,35,47,49
47,29,30,35,45,49
49,29,30,35,45,47
12,12,35,45,46,47
12,12,35,45,46,47
35,12,12,45,46,47
45,12,12,35,46,47
46,12,12,35,45,47
47,12,12,35,45,46
14,17,20,41,5,5
17,14,20,41,5,5
20,14,17,41,5,5
41,14,17,20,5,5
5,14,17,20,41,5
5,14,17,20,41,5
1,24,41,46,59,8
24,1,41,46,59,8
41,1,24,46,59,8
46,1,24,41,59,8
59,1,24,41,46,8
8,1,24,41,46,59
11,14,30,49,55,58
14,11,30,49,55,58
30,11,14,49,55,58
49,11,14,30,55,58
55,11,14,30,49,58
58,11,14,30,49,55
32,43,53,55,56,6
43,32,53,55,56,6
53,32,43,55,56,6
55,32,43,53,56,6
56,32,43,53,55,6
6,32,43,53,55,56
1,15,35,37,47,8
15,1,35,37,47,8
35,1,15,37,47,8
37,1,15,35,47,8
47,1,15,35,37,8
8,1,15,35,37,47
11,16,29,33,50,58
16,11,29,33,50,58
29,11,16,33,50,58
33,11,16,29,50,58
50,11,16,29,33,58
58,11,16,29,33,50
14,27,36,5,54,58
27,14,36,5,54,58
36,14,27,5,54,58
5,14,27,36,54,58
54,14,27,36,5,58
58,14,27,36,5,54
1,24,33,45,49,6
24,1,33,45,49,6
33,1,24,45,49,6
45,1,24,33,49,6
49,1,24,33,45,6
6,1,24,33,45,49
13,17,18,20,30,5
17,13,18,20,30,5
18,13,17,20,30,5
20,13,17,18,30,5
30,13,17,18,20,5
5,13,17,18,20,30
16,2,23,42,44,47
2,16,23,42,44,47
23,16,2,42,44,47
42,16,2,23,44,47
44,16,2,23,42,47
47,16,2,23,42,44
20,22,29,39,46,49
22,20,29,39,46,49
29,20,22,39,46,49
39,20,22,29,46,49
46,20,22,29,39,49
49,20,22,29,39,46
16,20,42,51,6,8
20,16,42,51,6,8
42,16,20,51,6,8
51,16,20,42,6,8
6,16,20,42,51,8
8,16,20,42,51,6
25,29,29,34,4,43
29,25,29,34,4,43
29,25,29,34,4,43
34,25,29,29,4,43
4,25,29,29,34,43
43,25,29,29,34,4
29,33,38,50,7,8
33,29,38,50,7,8
38,29,33,50,7,8
50,29,33,38,7,8
7,29,33,38,50,8
8,29,33,38,50,7
12,20,23,44,59,9
20,12,23,44,59,9
23,12,20,44,59,9
44,12,20,23,59,9
59,12,20,23,44,9
9,12,20,23,44,59
2,21,28,3,43,7
21,2,28,3,43,7
28,2,21,3,43,7
3,2,21,28,43,7
43,2,21,28,3,7
7,2,21,28,3,43
13,30,35,46,51,8
30,13,35,46,51,8
35,13,30,46,51,8
46,13,30,35,51,8
51,13,30,35,46,8
8,13,30,35,46,51
26,32,4,53,59,7
32,26,4,53,59,7
4,26,32,53,59,7
53,26,32,4,59,7
59,26,32,4,53,7
7,26,32,4,53,59
13,14,14,41,49,59
14,13,14,41,49,59
14,13,14,41,49,59
41,13,14,14,49,59
49,13,14,14,41,59
59,13,14,14,41,49
10,14,24,52,56,9
14,10,24,52,56,9
24,10,14,52,56,9
52,10,14,24,56,9
56,10,14,24,52,9
9,10,14,24,52,56
10,17,29,33,45,9
17,10,29,33,45,9
29,10,17,33,45,9
33,10,17,29,45,9
45,10,17,29,33,9
9,10,17,29,33,45
19,27,30,33,48,59
27,19,30,33,48,59
30,19,27,33,48,59
33,19,27,30,48,59
48,19,27,30,33,59
59,19,27,30,33,48
18,22,27,45,56,57
22,18,27,45,56,57
27,18,22,45,56,57
45,18,22,27,56,57
56,18,22,27,45,57
57,18,22,27,45,56
10,14,18,33,57,7
14,10,18,33,57,7
18,10,14,33,57,7
33,10,14,18,57,7
57,10,14,18,33,7
7,10,14,18,33,57
14,15,16,26,27,8
15,14,16,26,27,8
16,14,15,26,27,8
26,14,15,16,27,8
27,14,15,16,26,8
8,14,15,16,26,27
11,14,17,29,56,57
14,11,17,29,56,57
17,11,14,29,56,57
29,11,14,17,56,57
56,11,14,17,29,57
57,11,14,17,29,56
1,3,30,41,44,53
3,1,30,41,44,53
30,1,3,41,44,53
41,1,3,30,44,53
44,1,3,30,41,53
53,1,3,30,41,44
34,40,46,58,6,6
40,34,46,58,6,6
46,34,40,58,6,6
58,34,40,46,6,6
6,34,40,46,58,6
6,34,40,46,58,6
14,19,33,35,39,56
19,14,33,35,39,56
33,14,19,35,39,56
35,14,19,33,39,56
39,14,19,33,35,56
56,14,19,33,35,39
22,23,36,49,5,55
23,22,36,49,5,55
36,22,23,49,5,55
49,22,23,36,5,55
5,22,23,36,49,55
55,22,23,36,49,5
2,20,23,3,5,57
20,2,23,3,5,57
23,2,20,3,5,57
3,2,20,23,5,57
5,2,20,23,3,57
57,2,20,23,3,5
20,31,38,54,56,9
31,20,38,54,56,9
38,20,31,54,56,9
54,20,31,38,56,9
56,20,31,38,54,9
9,20,31,38,54,56
16,3,4,48,56,58
3,16,4,48,56,58
4,16,3,48,56,58
48,16,3,4,56,58
56,16,3,4,48,58
58,16,3,4,48,56
18,19,30,48,53,55
19,18,30,48,53,55
30,18,19,48,53,55
48,18,19,30,53,55
53,18,19,30,48,55
55,18,19,30,48,53
1,13,39,4,46,51
13,1,39,4,46,51
39,1,13,4,46,51
4,1,13,39,46,51
46,1,13,39,4,51
51,1,13,39,4,46
21,27,46,51,56,6
27,21,46,51,56,6
46,21,27,51,56,6
51,21,27,46,56,6
56,21,27,46,51,6
6,21,27,46,51,56
25,28,28,49,54,56
28,25,28,49,54,56
28,25,28,49,54,56
49,25,28,28,54,56
54,25,28,28,49,56
56,25,28,28,49,54
11,21,22,44,49,8
21,11,22,44,49,8
22,11,21,44,49,8
44,11,21,22,49,8
49,11,21,22,44,8
8,11,21,22,44,49
19,26,29,4,42,51
26,19,29,4,42,51
29,19,26,4,42,51
4,19,26,29,42,51
42,19,26,29,4,51
51,19,26,29,4,42
24,33,36,48,56,6
33,24,36,48,56,6
36,24,33,48,56,6
48,24,33,36,56,6
56,24,33,36,48,6
6,24,33,36,48,56
1,23,39,5,50,8
23,1,39,5,50,8
39,1,23,5,50,8
5,1,23,39,50,8
50,1,23,39,5,8
8,1,23,39,5,50
16,18,2,33,40,42
18,16,2,33,40,42
2,16,18,33,40,42
33,16,18,2,40,42
40,16,18,2,33,42
42,16,18,2,33,40
10,13,26,39,41,42
13,10,26,39,41,42
26,10,13,39,41,42
39,10,13,26,41,42
41,10,13,26,39,42
42,10,13,26,39,41
14,18,28,29,57,8
18,14,28,29,57,8
28,14,18,29,57,8
29,14,18,28,57,8
57,14,18,28,29,8
8,14,18,28,29,57
10,17,23,36,55,59
17,10,23,36,55,59
23,10,17,36,55,59
36,10,17,23,55,59
55,10,17,23,36,59
59,10,17,23,36,55
15,26,34,35,36,59
26,15,34,35,36,59
34,15,26,35,36,59
35,15,26,34,36,59
36,15,26,34,35,59
59,15,26,34,35,36
18,26,28,29,35,43
26,18,28,29,35,43
28,18,26,29,35,43
29,18,26,28,35,43
35,18,26,28,29,43
43,18,26,28,29,35
1,10,23,35,42,7
10,1,23,35,42,7
23,1,10,35,42,7
35,1,10,23,42,7
42,1,10,23,35,7
7,1,10,23,35,42
10,21,28,31,4,44
21,10,28,31,4,44
28,10,21,31,4,44
31,10,21,28,4,44
4,10,21,28,31,44
44,10,21,28,31,4
22,32,33,34,36,56
32,22,33,34,36,56
33,22,32,34,36,56
34,22,32,33,36,56
36,22,32,33,34,56
56,22,32,33,34,36
25,30,4,54,7,9
30,25,4,54,7,9
4,25,30,54,7,9
54,25,30,4,7,9
7,25,30,4,54,9
9,25,30,4,54,7
20,32,34,45,52,58
32,20,34,45,52,58
34,20,32,45,52,58
45,20,32,34,52,58
52,20,32,34,45,58
58,20,32,34,45,52
32,32,42,50,54,55
32,32,42,50,54,55
42,32,32,50,54,55
50,32,32,42,54,55
54,32,32,42,50,55
55,32,32,42,50,54
10,13,30,44,58,8
13,10,30,44,58,8
30,10,13,44,58,8
44,10,13,30,58,8
58,10,13,30,44,8
8,10,13,30,44,58
15,20,27,3,58,59
20,15,27,3,58,59
27,15,20,3,58,59
3,15,20,27,58,59
58,15,20,27,3,59
59,15,20,27,3,58
18,24,26,30,39,8
24,18,26,30,39,8
26,18,24,30,39,8
30,18,24,26,39,8
39,18,24,26,30,8
8,18,24,26,30,39
22,32,34,37,44,50
32,22,34,37,44,50
34,22,32,37,44,50
37,22,32,34,44,50
44,22,32,34,37,50
50,22,32,34,37,44
10,19,3,3,36,46
19,10,3,3,36,46
3,10,19,3,36,46
3,10,19,3,36,46
36,10,19,3,3,46
46,10,19,3,3,36
12,13,17,19,27,38
13,12,17,19,27,38
17,12,13,19,27,38
19,12,13,17,27,38
27,12,13,17,19,38
38,12,13,17,19,27
21,23,26,40,53,7
23,21,26,40,53,7
26,21,23,40,53,7
40,21,23,26,53,7
53,21,23,26,40,7
7,21,23,26,40,53
10,25,28,36,44,8
25,10,28,36,44,8
28,10,25,36,44,8
36,10,25,28,44,8
44,10,25,28,36,8
8,10,25,28,36,44
14,15,23,40,44,55
15,14,23,40,44,55
23,14,15,40,44,55
40,14,15,23,44,55
44,14,15,23,40,55
55,14,15,23,40,44
1,11,18,35,39,44
11,1,18,35,39,44
18,1,11,35,39,44
35,1,11,18,39,44
39,1,11,18,35,44
44,1,11,18,35,39
18,20,20,28,35,53
20,18,20,28,35,53
20,18,20,28,35,53
28,18,20,20,35,53
35,18,20,20,28,53
53,18,20,20,28,35
11,13,20,26,27,59
13,11,20,26,27,59
20,11,13,26,27,59
26,11,13,20,27,59
27,11,13,20,26,59
59,11,13,20,26,27
10,14,21,23,47,7
14,10,21,23,47,7
21,10,14,23,47,7
23,10,14,21,47,7
47,10,14,21,23,7
7,10,14,21,23,47
28,29,34,35,38,8
29,28,34,35,38,8
34,28,29,35,38,8
35,28,29,34,38,8
38,28,29,34,35,8
8,28,29,34,35,38
11,12,24,43,45,9
12,11,24,43,45,9
24,11,12,43,45,9
43,11,12,24,45,9
45,11,12,24,43,9
9,11,12,24,43,45
18,22,26,3,41,49
22,18,26,3,41,49
26,18,22,3,41,49
3,18,22,26,41,49
41,18,22,26,3,49
49,18,22,26,3,41
11,16,33,34,40,41
16,11,33,34,40,41
33,11,16,34,40,41
34,11,16,33,40,41
40,11,16,33,34,41
41,11,16,33,34,40
12,27,36,38,41,5
27,12,36,38,41,5
36,12,27,38,41,5
38,12,27,36,41,5
41,12,27,36,38,5
5,12,27,36,38,41
16,3,36,5,58,6
3,16,36,5,58,6
36,16,3,5,58,6
5,16,3,36,58,6
58,16,3,36,5,6
6,16,3,36,5,58
12,23,25,27,29,43
23,12,25,27,29,43
25,12,23,27,29,43
27,12,23,25,29,43
29,12,23,25,27,43
43,12,23,25,27,29
15,16,29,46,50,58
16,15,29,46,50,58
29,15,16,46,50,58
46,15,16,29,50,58
50,15,16,29,46,58
58,15,16,29,46,50
17,17,19,25,3,32
17,17,19,25,3,32
19,17,17,25,3,32
25,17,17,19,3,32
3,17,17,19,25,32
32,17,17,19,25,3
14,20,21,3,34,48
20,14,21,3,34,48
21,14,20,3,34,48
3,14,20,21,34,48
34,14,20,21,3,48
48,14,20,21,3,34
13,16,3,41,56,8
16,13,3,41,56,8
3,13,16,41,56,8
41,13,16,3,56,8
56,13,16,3,41,8
8,13,16,3,41,56
10,12,37,40,46,52
12,10,37,40,46,52
37,10,12,40,46,52
40,10,12,37,46,52
46,10,12,37,40,52
52,10,12,37,40,46
28,29,32,38,5,9
29,28,32,38,5,9
32,28,29,38,5,9
38,28,29,32,5,9
5,28,29,32,38,9
9,28,29,32,38,5
16,21,3,44,53,7
21,16,3,44,53,7
3,16,21,44,53,7
44,16,21,3,53,7
53,16,21,3,44,7
7,16,21,3,44,53
13,14,15,17,43,54
14,13,15,17,43,54
15,13,14,17,43,54
17,13,14,15,43,54
43,13,14,15,17,54
54,13,14,15,17,43
17,29,31,31,52,53
29,17,31,31,52,53
31,17,29,31,52,53
31,17,29,31,52,53
52,17,29,31,31,53
53,17,29,31,31,52
16,37,43,48,52,7
37,16,43,48,52,7
43,16,37,48,52,7
48,16,37,43,52,7
52,16,37,43,48,7
7,16,37,43,48,52
1,12,3,35,6,8
12,1,3,35,6,8
3,1,12,35,6,8
35,1,12,3,6,8
6,1,12,3,35,8
8,1,12,3,35,6
1,20,36,40,52,53
20,1,36,40,52,53
36,1,20,40,52,53
40,1,20,36,52,53
52,1,20,36,40,53
53,1,20,36,40,52
10,12,31,33,56,57
12,10,31,33,56,57
31,10,12,33,56,57
33,10,12,31,56,57
56,10,12,31,33,57
57,10,12,31,33,56
13,18,28,36,48,58
18,13,28,36,48,58
28,13,18,36,48,58
36,13,18,28,48,58
48,13,18,28,36,58
58,13,18,28,36,48
20,30,39,48,6,8
30,20,39,48,6,8
39,20,30,48,6,8
48,20,30,39,6,8
6,20,30,39,48,8
8,20,30,39,48,6
23,3,48,5,54,55
3,23,48,5,54,55
48,23,3,5,54,55
5,23,3,48,54,55
54,23,3,48,5,55
55,23,3,48,5,54
18,22,26,31,54,55
22,18,26,31,54,55
26,18,22,31,54,55
31,18,22,26,54,55
54,18,22,26,31,55
55,18,22,26,31,54
12,17,26,36,40,7
17,12,26,36,40,7
26,12,17,36,40,7
36,12,17,26,40,7
40,12,17,26,36,7
7,12,17,26,36,40
21,22,26,27,30,57
22,21,26,27,30,57
26,21,22,27,30,57
27,21,22,26,30,57
30,21,22,26,27,57
57,21,22,26,27,30
13,16,19,23,43,6
16,13,19,23,43,6
19,13,16,23,43,6
23,13,16,19,43,6
43,13,16,19,23,6
6,13,16,19,23,43
11,2,26,32,34,41
2,11,26,32,34,41
26,11,2,32,34,41
32,11,2,26,34,41
34,11,2,26,32,41
41,11,2,26,32,34
10,11,13,14,22,52
11,10,13,14,22,52
13,10,11,14,22,52
14,10,11,13,22,52
22,10,11,13,14,52
52,10,11,13,14,22
26,31,35,41,57,9
31,26,35,41,57,9
35,26,31,41,57,9
41,26,31,35,57,9
57,26,31,35,41,9
9,26,31,35,41,57
19,2,21,25,27,6
2,19,21,25,27,6
21,19,2,25,27,6
25,19,2,21,27,6
27,19,2,21,25,6
6,19,2,21,25,27
14,22,28,33,53,59
22,14,28,33,53,59
28,14,22,33,53,59
33,14,22,28,53,59
53,14,22,28,33,59
59,14,22,28,33,53
26,32,33,36,4,55
32,26,33,36,4,55
33,26,32,36,4,55
36,26,32,33,4,55
4,26,32,33,36,55
55,26,32,33,36,4
11,19,2,22,26,32
19,11,2,22,26,32
2,11,19,22,26,32
22,11,19,2,26,32
26,11,19,2,22,32
32,11,19,2,22,26
16,22,23,32,42,55
22,16,23,32,42,55
23,16,22,32,42,55
32,16,22,23,42,55
42,16,22,23,32,55
55,16,22,23,32,42
1,28,36,40,48,55
28,1,36,40,48,55
36,1,28,40,48,55
40,1,28,36,48,55
48,1,28,36,40,55
55,1,28,36,40,48
13,19,23,28,33,57
19,13,23,28,33,57
23,13,19,28,33,57
28,13,19,23,33,57
33,13,19,23,28,57
57,13,19,23,28,33
1,18,33,33,39,46
18,1,33,33,39,46
33,1,18,33,39,46
33,1,18,33,39,46
39,1,18,33,33,46
46,1,18,33,33,39
29,3,4,40,51,6
3,29,4,40,51,6
4,29,3,40,51,6
40,29,3,4,51,6
51,29,3,4,40,6
6,29,3,4,40,51
11,13,2,35,36,52
13,11,2,35,36,52
2,11,13,35,36,52
35,11,13,2,36,52
36,11,13,2,35,52
52,11,13,2,35,36
27,30,31,45,55,59
30,27,31,45,55,59
31,27,30,45,55,59
45,27,30,31,55,59
55,27,30,31,45,59
59,27,30,31,45,55
2,22,35,37,6,8
22,2,35,37,6,8
35,2,22,37,6,8
37,2,22,35,6,8
6,2,22,35,37,8
8,2,22,35,37,6
1,17,22,34,38,42
17,1,22,34,38,42
22,1,17,34,38,42
34,1,17,22,38,42
38,1,17,22,34,42
42,1,17,22,34,38
14,25,27,38,58,6
25,14,27,38,58,6
27,14,25,38,58,6
38,14,25,27,58,6
58,14,25,27,38,6
6,14,25,27,38,58
23,40,53,58,6,9
40,23,53,58,6,9
53,23,40,58,6,9
58,23,40,53,6,9
6,23,40,53,58,9
9,23,40,53,58,6
12,13,14,37,4,58
13,12,14,37,4,58
14,12,13,37,4,58
37,12,13,14,4,58
4,12,13,14,37,58
58,12,13,14,37,4
11,17,20,4,43,51
17,11,20,4,43,51
20,11,17,4,43,51
4,11,17,20,43,51
43,11,17,20,4,51
51,11,17,20,4,43
18,21,23,46,54,56
21,18,23,46,54,56
23,18,21,46,54,56
46,18,21,23,54,56
54,18,21,23,46,56
56,18,21,23,46,54
23,30,40,42,46,48
30,23,40,42,46,48
40,23,30,42,46,48
42,23,30,40,46,48
46,23,30,40,42,48
48,23,30,40,42,46
12,17,19,25,45,59
17,12,19,25,45,59
19,12,17,25,45,59
25,12,17,19,45,59
45,12,17,19,25,59
59,12,17,19,25,45
13,19,32,6,7,9
19,13,32,6,7,9
32,13,19,6,7,9
6,13,19,32,7,9
7,13,19,32,6,9
9,13,19,32,6,7
2,20,25,40,56,7
20,2,25,40,56,7
25,2,20,40,56,7
40,2,20,25,56,7
56,2,20,25,40,7
7,2,20,25,40,56
11,2,26,45,47,9
2,11,26,45,47,9
26,11,2,45,47,9
45,11,2,26,47,9
47,11,2,26,45,9
9,11,2,26,45,47
19,2,22,24,26,45
2,19,22,24,26,45
22,19,2,24,26,45
24,19,2,22,26,45
26,19,2,22,24,45
45,19,2,22,24,26
1,17,20,25,37,44
17,1,20,25,37,44
20,1,17,25,37,44
25,1,17,20,37,44
37,1,17,20,25,44
44,1,17,20,25,37
12,13,17,45,54,58
13,12,17,45,54,58
17,12,13,45,54,58
45,12,13,17,54,58
54,12,13,17,45,58
58,12,13,17,45,54
17,2,23,49,53,7
2,17,23,49,53,7
23,17,2,49,53,7
49,17,2,23,53,7
53,17,2,23,49,7
7,17,2,23,49,53
14,47,5,52,53,54
47,14,5,52,53,54
5,14,47,52,53,54
52,14,47,5,53,54
53,14,47,5,52,54
54,14,47,5,52,53
17,25,4,42,51,6
25,17,4,42,51,6
4,17,25,42,51,6
42,17,25,4,51,6
51,17,25,4,42,6
6,17,25,4,42,51
11,12,17,39,40,5
12,11,17,39,40,5
17,11,12,39,40,5
39,11,12,17,40,5
40,11,12,17,39,5
5,11,12,17,39,40
18,19,3,33,38,9
19,18,3,33,38,9
3,18,19,33,38,9
33,18,19,3,38,9
38,18,19,3,33,9
9,18,19,3,33,38
10,26,4,57,58,8
26,10,4,57,58,8
4,10,26,57,58,8
57,10,26,4,58,8
58,10,26,4,57,8
8,10,26,4,57,58
26,28,28,3,34,42
28,26,28,3,34,42
28,26,28,3,34,42
3,26,28,28,34,42
34,26,28,28,3,42
42,26,28,28,3,34
33,5,54,56,57,9
5,33,54,56,57,9
54,33,5,56,57,9
56,33,5,54,57,9
57,33,5,54,56,9
9,33,5,54,56,57
13,17,23,24,27,40
17,13,23,24,27,40
23,13,17,24,27,40
24,13,17,23,27,40
27,13,17,23,24,40
40,13,17,23,24,27
1,10,15,22,49,5
10,1,15,22,49,5
15,1,10,22,49,5
22,1,10,15,49,5
49,1,10,15,22,5
5,1,10,15,22,49
3,32,37,49,56,9
32,3,37,49,56,9
37,3,32,49,56,9
49,3,32,37,56,9
56,3,32,37,49,9
9,3,32,37,49,56
10,10,29,37,44,59
10,10,29,37,44,59
29,10,10,37,44,59
37,10,10,29,44,59
44,10,10,29,37,59
59,10,10,29,37,44
18,23,32,4,45,7
23,18,32,4,45,7
32,18,23,4,45,7
4,18,23,32,45,7
45,18,23,32,4,7
7,18,23,32,4,45
11,25,31,44,6,9
25,11,31,44,6,9
31,11,25,44,6,9
44,11,25,31,6,9
6,11,25,31,44,9
9,11,25,31,44,6
13,17,20,32,45,48
17,13,20,32,45,48
20,13,17,32,45,48
32,13,17,20,45,48
45,13,17,20,32,48
48,13,17,20,32,45
14,25,32,33,34,41
25,14,32,33,34,41
32,14,25,33,34,41
33,14,25,32,34,41
34,14,25,32,33,41
41,14,25,32,33,34
1,24,37,39,40,7
24,1,37,39,40,7
37,1,24,39,40,7
39,1,24,37,40,7
40,1,24,37,39,7
7,1,24,37,39,40
25,36,40,45,51,8
36,25,40,45,51,8
40,25,36,45,51,8
45,25,36,40,51,8
51,25,36,40,45,8
8,25,36,40,45,51
23,28,32,38,39,56
28,23,32,38,39,56
32,23,28,38,39,56
38,23,28,32,39,56
39,23,28,32,38,56
56,23,28,32,38,39
18,35,44,51,56,8
35,18,44,51,56,8
44,18,35,51,56,8
51,18,35,44,56,8
56,18,35,44,51,8
8,18,35,44,51,56
15,23,24,40,48,52
23,15,24,40,48,52
24,15,23,40,48,52
40,15,23,24,48,52
48,15,23,24,40,52
52,15,23,24,40,48
14,19,20,37,41,58
19,14,20,37,41,58
20,14,19,37,41,58
37,14,19,20,41,58
41,14,19,20,37,58
58,14,19,20,37,41
10,22,28,39,47,58
22,10,28,39,47,58
28,10,22,39,47,58
39,10,22,28,47,58
47,10,22,28,39,58
58,10,22,28,39,47
10,15,33,34,48,54
15,10,33,34,48,54
33,10,15,34,48,54
34,10,15,33,48,54
48,10,15,33,34,54
54,10,15,33,34,48
24,25,29,7,8,9
25,24,29,7,8,9
29,24,25,7,8,9
7,24,25,29,8,9
8,24,25,29,7,9
9,24,25,29,7,8
13,14,19,25,31,38
14,13,19,25,31,38
19,13,14,25,31,38
25,13,14,19,31,38
31,13,14,19,25,38
38,13,14,19,25,31
1,2,29,55,7,9
2,1,29,55,7,9
29,1,2,55,7,9
55,1,2,29,7,9
7,1,2,29,55,9
9,1,2,29,55,7
11,20,23,28,32,47
20,11,23,28,32,47
23,11,20,28,32,47
28,11,20,23,32,47
32,11,20,23,28,47
47,11,20,23,28,32
12,15,27,38,5,7
15,12,27,38,5,7
27,12,15,38,5,7
38,12,15,27,5,7
5,12,15,27,38,7
7,12,15,27,38,5
17,24,32,57,59,8
24,17,32,57,59,8
32,17,24,57,59,8
57,17,24,32,59,8
59,17,24,32,57,8
8,17,24,32,57,59
24,25,29,34,37,54
25,24,29,34,37,54
29,24,25,34,37,54
34,24,25,29,37,54
37,24,25,29,34,54
54,24,25,29,34,37
1,36,44,49,52,57
36,1,44,49,52,57
44,1,36,49,52,57
49,1,36,44,52,57
52,1,36,44,49,57
57,1,36,44,49,52
14,2,21,23,3,9
2,14,21,23,3,9
21,14,2,23,3,9
23,14,2,21,3,9
3,14,2,21,23,9
9,14,2,21,23,3
1,17,34,35,49,54
17,1,34,35,49,54
34,1,17,35,49,54
35,1,17,34,49,54
49,1,17,34,35,54
54,1,17,34,35,49
13,14,2,3,4,54
14,13,2,3,4,54
2,13,14,3,4,54
3,13,14,2,4,54
4,13,14,2,3,54
54,13,14,2,3,4
11,12,17,2,38,42
12,11,17,2,38,42
17,11,12,2,38,42
2,11,12,17,38,42
38,11,12,17,2,42
42,11,12,17,2,38
13,25,3,30,47,8
25,13,3,30,47,8
3,13,25,30,47,8
30,13,25,3,47,8
47,13,25,3,30,8
8,13,25,3,30,47
19,26,3,54,7,9
26,19,3,54,7,9
3,19,26,54,7,9
54,19,26,3,7,9
7,19,26,3,54,9
9,19,26,3,54,7
10,14,15,28,37,54
14,10,15,28,37,54
15,10,14,28,37,54
28,10,14,15,37,54
37,10,14,15,28,54
54,10,14,15,28,37
2,34,5,51,58,9
34,2,5,51,58,9
5,2,34,51,58,9
51,2,34,5,58,9
58,2,34,5,51,9
9,2,34,5,51,58
14,19,2,23,34,43
19,14,2,23,34,43
2,14,19,23,34,43
23,14,19,2,34,43
34,14,19,2,23,43
43,14,19,2,23,34
13,15,28,31,55,58
15,13,28,31,55,58
28,13,15,31,55,58
31,13,15,28,55,58
55,13,15,28,31,58
58,13,15,28,31,55
21,28,33,41,44,59
28,21,33,41,44,59
33,21,28,41,44,59
41,21,28,33,44,59
44,21,28,33,41,59
59,21,28,33,41,44
11,21,26,29,33,34
21,11,26,29,33,34
26,11,21,29,33,34
29,11,21,26,33,34
33,11,21,26,29,34
34,11,21,26,29,33
14,29,44,48,49,9
29,14,44,48,49,9
44,14,29,48,49,9
48,14,29,44,49,9
49,14,29,44,48,9
9,14,29,44,48,49
14,20,26,45,54,55
20,14,26,45,54,55
26,14,20,45,54,55
45,14,20,26,54,55
54,14,20,26,45,55
55,14,20,26,45,54
34,39,42,44,59,8
39,34,42,44,59,8
42,34,39,44,59,8
44,34,39,42,59,8
59,34,39,42,44,8
8,34,39,42,44,59
12,19,25,29,36,48
19,12,25,29,36,48
25,12,19,29,36,48
29,12,19,25,36,48
36,12,19,25,29,48
48,12,19,25,29,36
20,22,3,30,33,7
22,20,3,30,33,7
3,20,22,30,33,7
30,20,22,3,33,7
33,20,22,3,30,7
7,20,22,3,30,33
15,16,26,46,49,5
16,15,26,46,49,5
26,15,16,46,49,5
46,15,16,26,49,5
49,15,16,26,46,5
5,15,16,26,46,49
17,29,31,34,48,49
29,17,31,34,48,49
31,17,29,34,48,49
34,17,29,31,48,49
48,17,29,31,34,49
49,17,29,31,34,48
1,31,4,41,47,55
31,1,4,41,47,55
4,1,31,41,47,55
41,1,31,4,47,55
47,1,31,4,41,55
55,1,31,4,41,47
33,33,39,52,55,7
33,33,39,52,55,7
39,33,33,52,55,7
52,33,33,39,55,7
55,33,33,39,52,7
7,33,33,39,52,55
22,23,32,39,47,49
23,22,32,39,47,49
32,22,23,39,47,49
39,22,23,32,47,49
47,22,23,32,39,49
49,22,23,32,39,47
20,31,34,39,4,58
31,20,34,39,4,58
34,20,31,39,4,58
39,20,31,34,4,58
4,20,31,34,39,58
58,20,31,34,39,4
15,16,18,28,49,55
16,15,18,28,49,55
18,15,16,28,49,55
28,15,16,18,49,55
49,15,16,18,28,55
55,15,16,18,28,49
2,24,25,28,32,59
24,2,25,28,32,59
25,2,24,28,32,59
28,2,24,25,32,59
32,2,24,25,28,59
59,2,24,25,28,32
1,15,27,31,34,48
15,1,27,31,34,48
27,1,15,31,34,48
31,1,15,27,34,48
34,1,15,27,31,48
48,1,15,27,31,34
1,10,22,24,49,7
10,1,22,24,49,7
22,1,10,24,49,7
24,1,10,22,49,7
49,1,10,22,24,7
7,1,10,22,24,49
15,28,30,35,58,59
28,15,30,35,58,59
30,15,28,35,58,59
35,15,28,30,58,59
58,15,28,30,35,59
59,15,28,30,35,58
14,18,23,25,33,49
18,14,23,25,33,49
23,14,18,25,33,49
25,14,18,23,33,49
33,14,18,23,25,49
49,14,18,23,25,33
30,33,42,45,54,9
33,30,42,45,54,9
42,30,33,45,54,9
45,30,33,42,54,9
54,30,33,42,45,9
9,30,33,42,45,54
29,52,59,6,7,9
52,29,59,6,7,9
59,29,52,6,7,9
6,29,52,59,7,9
7,29,52,59,6,9
9,29,52,59,6,7
26,37,41,5,54,6
37,26,41,5,54,6
41,26,37,5,54,6
5,26,37,41,54,6
54,26,37,41,5,6
6,26,37,41,5,54
10,20,25,35,50,53
20,10,25,35,50,53
25,10,20,35,50,53
35,10,20,25,50,53
50,10,20,25,35,53
53,10,20,25,35,50
18,35,45,53,58,8
35,18,45,53,58,8
45,18,35,53,58,8
53,18,35,45,58,8
58,18,35,45,53,8
8,18,35,45,53,58
11,24,34,36,57,58
24,11,34,36,57,58
34,11,24,36,57,58
36,11,24,34,57,58
57,11,24,34,36,58
58,11,24,34,36,57
15,18,26,32,35,5
18,15,26,32,35,5
26,15,18,32,35,5
32,15,18,26,35,5
35,15,18,26,32,5
5,15,18,26,32,35
10,17,25,45,53,9
17,10,25,45,53,9
25,10,17,45,53,9
45,10,17,25,53,9
53,10,17,25,45,9
9,10,17,25,45,53
10,12,22,3,31,4
12,10,22,3,31,4
22,10,12,3,31,4
3,10,12,22,31,4
31,10,12,22,3,4
4,10,12,22,3,31
16,24,28,30,38,39
24,16,28,30,38,39
28,16,24,30,38,39
30,16,24,28,38,39
38,16,24,28,30,39
39,16,24,28,30,38
13,29,30,42,49,53
29,13,30,42,49,53
30,13,29,42,49,53
42,13,29,30,49,53
49,13,29,30,42,53
53,13,29,30,42,49
12,26,29,44,46,47
26,12,29,44,46,47
29,12,26,44,46,47
44,12,26,29,46,47
46,12,26,29,44,47
47,12,26,29,44,46
1,24,24,28,49,8
24,1,24,28,49,8
24,1,24,28,49,8
28,1,24,24,49,8
49,1,24,24,28,8
8,1,24,24,28,49
12,24,3,31,34,51
24,12,3,31,34,51
3,12,24,31,34,51
31,12,24,3,34,51
34,12,24,3,31,51
51,12,24,3,31,34
24,37,39,40,52,8
37,24,39,40,52,8
39,24,37,40,52,8
40,24,37,39,52,8
52,24,37,39,40,8
8,24,37,39,40,52
17,48,59,7,8,9
48,17,59,7,8,9
59,17,48,7,8,9
7,17,48,59,8,9
8,17,48,59,7,9
9,17,48,59,7,8
21,3,38,4,40,8
3,21,38,4,40,8
38,21,3,4,40,8
4,21,3,38,40,8
40,21,3,38,4,8
8,21,3,38,4,40
28,31,32,35,36,52
31,28,32,35,36,52
32,28,31,35,36,52
35,28,31,32,36,52
36,28,31,32,35,52
52,28,31,32,35,36
17,19,24,26,45,46
19,17,24,26,45,46
24,17,19,26,45,46
26,17,19,24,45,46
45,17,19,24,26,46
46,17,19,24,26,45
27,28,31,5,52,59
28,27,31,5,52,59
31,27,28,5,52,59
5,27,28,31,52,59
52,27,28,31,5,59
59,27,28,31,5,52
13,14,2,39,40,43
14,13,2,39,40,43
2,13,14,39,40,43
39,13,14,2,40,43
40,13,14,2,39,43
43,13,14,2,39,40
18,23,25,36,48,50
23,18,25,36,48,50
25,18,23,36,48,50
36,18,23,25,48,50
48,18,23,25,36,50
50,18,23,25,36,48
16,22,23,30,37,39
22,16,23,30,37,39
23,16,22,30,37,39
30,16,22,23,37,39
37,16,22,23,30,39
39,16,22,23,30,37
14,21,24,26,41,7
21,14,24,26,41,7
24,14,21,26,41,7
26,14,21,24,41,7
41,14,21,24,26,7
7,14,21,24,26,41
11,13,2,35,52,54
13,11,2,35,52,54
2,11,13,35,52,54
35,11,13,2,52,54
52,11,13,2,35,54
54,11,13,2,35,52
1,18,20,4,45,7
18,1,20,4,45,7
20,1,18,4,45,7
4,1,18,20,45,7
45,1,18,20,4,7
7,1,18,20,4,45
13,18,24,25,31,33
18,13,24,25,31,33
24,13,18,25,31,33
25,13,18,24,31,33
31,13,18,24,25,33
33,13,18,24,25,31
16,18,31,46,5,50
18,16,31,46,5,50
31,16,18,46,5,50
46,16,18,31,5,50
5,16,18,31,46,50
50,16,18,31,46,5
19,20,27,28,5,7
20,19,27,28,5,7
27,19,20,28,5,7
28,19,20,27,5,7
5,19,20,27,28,7
7,19,20,27,28,5
19,20,26,27,36,54
20,19,26,27,36,54
26,19,20,27,36,54
27,19,20,26,36,54
36,19,20,26,27,54
54,19,20,26,27,36
16,29,30,40,42,50
29,16,30,40,42,50
30,16,29,40,42,50
40,16,29,30,42,50
42,16,29,30,40,50
50,16,29,30,40,42
15,19,33,38,54,9
19,15,33,38,54,9
33,15,19,38,54,9
38,15,19,33,54,9
54,15,19,33,38,9
9,15,19,33,38,54
11,37,39,51,52,55
37,11,39,51,52,55
39,11,37,51,52,55
51,11,37,39,52,55
52,11,37,39,51,55
55,11,37,39,51,52
13,16,28,33,35,51
16,13,28,33,35,51
28,13,16,33,35,51
33,13,16,28,35,51
35,13,16,28,33,51
51,13,16,28,33,35
17,36,38,48,51,6
36,17,38,48,51,6
38,17,36,48,51,6
48,17,36,38,51,6
51,17,36,38,48,6
6,17,36,38,48,51
23,35,49,53,54,57
35,23,49,53,54,57
49,23,35,53,54,57
53,23,35,49,54,57
54,23,35,49,53,57
57,23,35,49,53,54
16,17,22,35,46,54
17,16,22,35,46,54
22,16,17,35,46,54
35,16,17,22,46,54
46,16,17,22,35,54
54,16,17,22,35,46
13,24,27,30,42,48
24,13,27,30,42,48
27,13,24,30,42,48
30,13,24,27,42,48
42,13,24,27,30,48
48,13,24,27,30,42
12,14,15,22,43,49
14,12,15,22,43,49
15,12,14,22,43,49
22,12,14,15,43,49
43,12,14,15,22,49
49,12,14,15,22,43
10,34,44,48,54,55
34,10,44,48,54,55
44,10,34,48,54,55
48,10,34,44,54,55
54,10,34,44,48,55
55,10,34,44,48,54
15,22,31,38,47,48
22,15,31,38,47,48
31,15,22,38,47,48
38,15,22,31,47,48
47,15,22,31,38,48
48,15,22,31,38,47
11,12,22,46,47,50
12,11,22,46,47,50
22,11,12,46,47,50
46,11,12,22,47,50
47,11,12,22,46,50
50,11,12,22,46,47
10,11,14,15,36,7
11,10,14,15,36,7
14,10,11,15,36,7
15,10,11,14,36,7
36,10,11,14,15,7
7,10,11,14,15,36
17,27,35,37,40,53
27,17,35,37,40,53
35,17,27,37,40,53
37,17,27,35,40,53
40,17,27,35,37,53
53,17,27,35,37,40
18,25,4,43,46,55
25,18,4,43,46,55
4,18,25,43,46,55
43,18,25,4,46,55
46,18,25,4,43,55
55,18,25,4,43,46
10,14,15,47,49,59
14,10,15,47,49,59
15,10,14,47,49,59
47,10,14,15,49,59
49,10,14,15,47,59
59,10,14,15,47,49
19,19,2,28,29,9
19,19,2,28,29,9
2,19,19,28,29,9
28,19,19,2,29,9
29,19,19,2,28,9
9,19,19,2,28,29
10,2,22,4,41,53
2,10,22,4,41,53
22,10,2,4,41,53
4,10,2,22,41,53
41,10,2,22,4,53
53,10,2,22,4,41
15,16,23,27,36,9
16,15,23,27,36,9
23,15,16,27,36,9
27,15,16,23,36,9
36,15,16,23,27,9
9,15,16,23,27,36
11,12,15,23,28,57
12,11,15,23,28,57
15,11,12,23,28,57
23,11,12,15,28,57
28,11,12,15,23,57
57,11,12,15,23,28
10,16,19,20,29,33
16,10,19,20,29,33
19,10,16,20,29,33
20,10,16,19,29,33
29,10,16,19,20,33
33,10,16,19,20,29
1,12,24,35,36,49
12,1,24,35,36,49
24,1,12,35,36,49
35,1,12,24,36,49
36,1,12,24,35,49
49,1,12,24,35,36
11,16,26,34,5,50
16,11,26,34,5,50
26,11,16,34,5,50
34,11,16,26,5,50
5,11,16,26,34,50
50,11,16,26,34,5
10,21,33,34,5,58
21,10,33,34,5,58
33,10,21,34,5,58
34,10,21,33,5,58
5,10,21,33,34,58
58,10,21,33,34,5
11,13,19,25,39,54
13,11,19,25,39,54
19,11,13,25,39,54
25,11,13,19,39,54
39,11,13,19,25,54
54,11,13,19,25,39
1,24,28,44,45,51
24,1,28,44,45,51
28,1,24,44,45,51
44,1,24,28,45,51
45,1,24,28,44,51
51,1,24,28,44,45
1,22,29,32,49,9
22,1,29,32,49,9
29,1,22,32,49,9
32,1,22,29,49,9
49,1,22,29,32,9
9,1,22,29,32,49
10,14,18,26,34,51
14,10,18,26,34,51
18,10,14,26,34,51
26,10,14,18,34,51
34,10,14,18,26,51
51,10,14,18,26,34
17,19,21,32,39,8
19,17,21,32,39,8
21,17,19,32,39,8
32,17,19,21,39,8
39,17,19,21,32,8
8,17,19,21,32,39
11,12,17,25,28,46
12,11,17,25,28,46
17,11,12,25,28,46
25,11,12,17,28,46
28,11,12,17,25,46
46,11,12,17,25,28
12,15,32,35,50,8
15,12,32,35,50,8
32,12,15,35,50,8
35,12,15,32,50,8
50,12,15,32,35,8
8,12,15,32,35,50
33,34,36,38,42,50
34,33,36,38,42,50
36,33,34,38,42,50
38,33,34,36,42,50
42,33,34,36,38,50
50,33,34,36,38,42
11,24,27,31,40,44
24,11,27,31,40,44
27,11,24,31,40,44
31,11,24,27,40,44
40,11,24,27,31,44
44,11,24,27,31,40
14,18,39,46,47,8
18,14,39,46,47,8
39,14,18,46,47,8
46,14,18,39,47,8
47,14,18,39,46,8
8,14,18,39,46,47
14,25,30,33,47,8
25,14,30,33,47,8
30,14,25,33,47,8
33,14,25,30,47,8
47,14,25,30,33,8
8,14,25,30,33,47
11,16,30,38,42,7
16,11,30,38,42,7
30,11,16,38,42,7
38,11,16,30,42,7
42,11,16,30,38,7
7,11,16,30,38,42
14,19,23,50,54,7
19,14,23,50,54,7
23,14,19,50,54,7
50,14,19,23,54,7
54,14,19,23,50,7
7,14,19,23,50,54
12,17,2,38,4,6
17,12,2,38,4,6
2,12,17,38,4,6
38,12,17,2,4,6
4,12,17,2,38,6
6,12,17,2,38,4
28,33,39,40,41,54
33,28,39,40,41,54
39,28,33,40,41,54
40,28,33,39,41,54
41,28,33,39,40,54
54,28,33,39,40,41
1,19,29,45,46,58
19,1,29,45,46,58
29,1,19,45,46,58
45,1,19,29,46,58
46,1,19,29,45,58
58,1,19,29,45,46
1,12,12,32,42,58
12,1,12,32,42,58
12,1,12,32,42,58
32,1,12,12,42,58
42,1,12,12,32,58
58,1,12,12,32,42
1,16,21,29,30,40
16,1,21,29,30,40
21,1,16,29,30,40
29,1,16,21,30,40
30,1,16,21,29,40
40,1,16,21,29,30
13,17,22,23,29,31
17,13,22,23,29,31
22,13,17,23,29,31
23,13,17,22,29,31
29,13,17,22,23,31
31,13,17,22,23,29
12,21,33,35,38,45
21,12,33,35,38,45
33,12,21,35,38,45
35,12,21,33,38,45
38,12,21,33,35,45
45,12,21,33,35,38
11,2,30,31,33,6
2,11,30,31,33,6
30,11,2,31,33,6
31,11,2,30,33,6
33,11,2,30,31,6
6,11,2,30,31,33
23,24,27,30,39,41
24,23,27,30,39,41
27,23,24,30,39,41
30,23,24,27,39,41
39,23,24,27,30,41
41,23,24,27,30,39
1,25,29,31,47,7
25,1,29,31,47,7
29,1,25,31,47,7
31,1,25,29,47,7
47,1,25,29,31,7
7,1,25,29,31,47
24,29,32,38,48,52
29,24,32,38,48,52
32,24,29,38,48,52
38,24,29,32,48,52
48,24,29,32,38,52
52,24,29,32,38,48
1,12,25,28,35,44
12,1,25,28,35,44
25,1,12,28,35,44
28,1,12,25,35,44
35,1,12,25,28,44
44,1,12,25,28,35
15,16,17,31,43,9
16,15,17,31,43,9
17,15,16,31,43,9
31,15,16,17,43,9
43,15,16,17,31,9
9,15,16,17,31,43
15,23,34,53,59,8
23,15,34,53,59,8
34,15,23,53,59,8
53,15,23,34,59,8
59,15,23,34,53,8
8,15,23,34,53,59
22,25,56,57,8,9
25,22,56,57,8,9
56,22,25,57,8,9
57,22,25,56,8,9
8,22,25,56,57,9
9,22,25,56,57,8
11,13,37,40,6,8
13,11,37,40,6,8
37,11,13,40,6,8
40,11,13,37,6,8
6,11,13,37,40,8
8,11,13,37,40,6
25,31,32,48,49,53
31,25,32,48,49,53
32,25,31,48,49,53
48,25,31,32,49,53
49,25,31,32,48,53
53,25,31,32,48,49
29,29,41,48,52,54
29,29,41,48,52,54
41,29,29,48,52,54
48,29,29,41,52,54
52,29,29,41,48,54
54,29,29,41,48,52
20,21,22,41,54,7
21,20,22,41,54,7
22,20,21,41,54,7
41,20,21,22,54,7
54,20,21,22,41,7
7,20,21,22,41,54
10,15,16,20,57,9
15,10,16,20,57,9
16,10,15,20,57,9
20,10,15,16,57,9
57,10,15,16,20,9
9,10,15,16,20,57
10,22,3,32,5,7
22,10,3,32,5,7
3,10,22,32,5,7
32,10,22,3,5,7
5,10,22,3,32,7
7,10,22,3,32,5
18,27,28,35,46,49
27,18,28,35,46,49
28,18,27,35,46,49
35,18,27,28,46,49
46,18,27,28,35,49
49,18,27,28,35,46
24,25,26,31,41,7
25,24,26,31,41,7
26,24,25,31,41,7
31,24,25,26,41,7
41,24,25,26,31,7
7,24,25,26,31,41
14,18,21,24,3,6
18,14,21,24,3,6
21,14,18,24,3,6
24,14,18,21,3,6
3,14,18,21,24,6
6,14,18,21,24,3
15,18,25,27,30,4
18,15,25,27,30,4
25,15,18,27,30,4
27,15,18,25,30,4
30,15,18,25,27,4
4,15,18,25,27,30
11,3,39,46,52,54
3,11,39,46,52,54
39,11,3,46,52,54
46,11,3,39,52,54
52,11,3,39,46,54
54,11,3,39,46,52
11,13,16,34,45,50
13,11,16,34,45,50
16,11,13,34,45,50
34,11,13,16,45,50
45,11,13,16,34,50
50,11,13,16,34,45
33,37,39,45,55,6
37,33,39,45,55,6
39,33,37,45,55,6
45,33,37,39,55,6
55,33,37,39,45,6
6,33,37,39,45,55
11,12,31,43,44,57
12,11,31,43,44,57
31,11,12,43,44,57
43,11,12,31,44,57
44,11,12,31,43,57
57,11,12,31,43,44
13,15,24,49,57,7
15,13,24,49,57,7
24,13,15,49,57,7
49,13,15,24,57,7
57,13,15,24,49,7
7,13,15,24,49,57
11,14,16,19,42,9
14,11,16,19,42,9
16,11,14,19,42,9
19,11,14,16,42,9
42,11,14,16,19,9
9,11,14,16,19,42
15,34,48,52,54,9
34,15,48,52,54,9
48,15,34,52,54,9
52,15,34,48,54,9
54,15,34,48,52,9
9,15,34,48,52,54
13,28,29,38,52,8
28,13,29,38,52,8
29,13,28,38,52,8
38,13,28,29,52,8
52,13,28,29,38,8
8,13,28,29,38,52
43,48,50,6,7,8
48,43,50,6,7,8
50,43,48,6,7,8
6,43,48,50,7,8
7,43,48,50,6,8
8,43,48,50,6,7
12,14,21,4,55,7
14,12,21,4,55,7
21,12,14,4,55,7
4,12,14,21,55,7
55,12,14,21,4,7
7,12,14,21,4,55
16,17,22,30,46,56
17,16,22,30,46,56
22,16,17,30,46,56
30,16,17,22,46,56
46,16,17,22,30,56
56,16,17,22,30,46
10,16,18,19,29,45
16,10,18,19,29,45
18,10,16,19,29,45
19,10,16,18,29,45
29,10,16,18,19,45
45,10,16,18,19,29
13,16,2,27,3,35
16,13,2,27,3,35
2,13,16,27,3,35
27,13,16,2,3,35
3,13,16,2,27,35
35,13,16,2,27,3
24,31,39,5,7,7
31,24,39,5,7,7
39,24,31,5,7,7
5,24,31,39,7,7
7,24,31,39,5,7
7,24,31,39,5,7
12,17,24,26,43,48
17,12,24,26,43,48
24,12,17,26,43,48
26,12,17,24,43,48
43,12,17,24,26,48
48,12,17,24,26,43
29,41,5,51,58,8
41,29,5,51,58,8
5,29,41,51,58,8
51,29,41,5,58,8
58,29,41,5,51,8
8,29,41,5,51,58
23,31,42,5,50,57
31,23,42,5,50,57
42,23,31,5,50,57
5,23,31,42,50,57
50,23,31,42,5,57
57,23,31,42,5,50
17,21,39,40,55,59
21,17,39,40,55,59
39,17,21,40,55,59
40,17,21,39,55,59
55,17,21,39,40,59
59,17,21,39,40,55
26,33,4,44,46,6
33,26,4,44,46,6
4,26,33,44,46,6
44,26,33,4,46,6
46,26,33,4,44,6
6,26,33,4,44,46
18,30,40,48,52,9
30,18,40,48,52,9
40,18,30,48,52,9
48,18,30,40,52,9
52,18,30,40,48,9
9,18,30,40,48,52
1,12,27,29,43,68
12,1,27,29,43,68
27,1,12,29,43,68
29,1,12,27,43,68
43,1,12,27,29,68
68,1,12,27,29,43
1,15,20,29,31,40
15,1,20,29,31,40
20,1,15,29,31,40
29,1,15,20,31,40
31,1,15,20,29,40
40,1,15,20,29,31
11,30,32,42,56,57
30,11,32,42,56,57
32,11,30,42,56,57
42,11,30,32,56,57
56,11,30,32,42,57
57,11,30,32,42,56
2,20,31,56,60,64
20,2,31,56,60,64
31,2,20,56,60,64
56,2,20,31,60,64
60,2,20,31,56,64
64,2,20,31,56,60
10,4,54,56,62,63
4,10,54,56,62,63
54,10,4,56,62,63
56,10,4,54,62,63
62,10,4,54,56,63
63,10,4,54,56,62
20,25,47,68,7,9
25,20,47,68,7,9
47,20,25,68,7,9
68,20,25,47,7,9
7,20,25,47,68,9
9,20,25,47,68,7
12,17,17,2,20,65
17,12,17,2,20,65
17,12,17,2,20,65
2,12,17,17,20,65
20,12,17,17,2,65
65,12,17,17,2,20
15,16,25,50,53,7
16,15,25,50,53,7
25,15,16,50,53,7
50,15,16,25,53,7
53,15,16,25,50,7
7,15,16,25,50,53
18,26,32,4,55,64
26,18,32,4,55,64
32,18,26,4,55,64
4,18,26,32,55,64
55,18,26,32,4,64
64,18,26,32,4,55
17,40,41,46,6,69
40,17,41,46,6,69
41,17,40,46,6,69
46,17,40,41,6,69
6,17,40,41,46,69
69,17,40,41,46,6
2,2,47,6,66,67
2,2,47,6,66,67
47,2,2,6,66,67
6,2,2,47,66,67
66,2,2,47,6,67
67,2,2,47,6,66
14,18,19,32,64,9
18,14,19,32,64,9
19,14,18,32,64,9
32,14,18,19,64,9
64,14,18,19,32,9
9,14,18,19,32,64
13,13,27,33,47,68
13,13,27,33,47,68
27,13,13,33,47,68
33,13,13,27,47,68
47,13,13,27,33,68
68,13,13,27,33,47
14,19,2,22,30,62
19,14,2,22,30,62
2,14,19,22,30,62
22,14,19,2,30,62
30,14,19,2,22,62
62,14,19,2,22,30
10,32,42,55,6,9
32,10,42,55,6,9
42,10,32,55,6,9
55,10,32,42,6,9
6,10,32,42,55,9
9,10,32,42,55,6
10,28,30,41,59,68
28,10,30,41,59,68
30,10,28,41,59,68
41,10,28,30,59,68
59,10,28,30,41,68
68,10,28,30,41,59
16,25,38,55,63,67
25,16,38,55,63,67
38,16,25,55,63,67
55,16,25,38,63,67
63,16,25,38,55,67
67,16,25,38,55,63
20,27,40,44,59,65
27,20,40,44,59,65
40,20,27,44,59,65
44,20,27,40,59,65
59,20,27,40,44,65
65,20,27,40,44,59
12,22,36,38,54,61
22,12,36,38,54,61
36,12,22,38,54,61
38,12,22,36,54,61
54,12,22,36,38,61
61,12,22,36,38,54
11,17,2,47,62,63
17,11,2,47,62,63
2,11,17,47,62,63
47,11,17,2,62,63
62,11,17,2,47,63
63,11,17,2,47,62
13,16,19,32,34,57
16,13,19,32,34,57
19,13,16,32,34,57
32,13,16,19,34,57
34,13,16,19,32,57
57,13,16,19,32,34
10,19,27,34,4,8
19,10,27,34,4,8
27,10,19,34,4,8
34,10,19,27,4,8
4,10,19,27,34,8
8,10,19,27,34,4
24,39,44,47,5,69
39,24,44,47,5,69
44,24,39,47,5,69
47,24,39,44,5,69
5,24,39,44,47,69
69,24,39,44,47,5
19,22,32,34,40,69
22,19,32,34,40,69
32,19,22,34,40,69
34,19,22,32,40,69
40,19,22,32,34,69
69,19,22,32,34,40
12,21,3,40,52,67
21,12,3,40,52,67
3,12,21,40,52,67
40,12,21,3,52,67
52,12,21,3,40,67
67,12,21,3,40,52
12,16,18,31,43,5
16,12,18,31,43,5
18,12,16,31,43,5
31,12,16,18,43,5
43,12,16,18,31,5
5,12,16,18,31,43
13,31,36,4,52,8
31,13,36,4,52,8
36,13,31,4,52,8
4,13,31,36,52,8
52,13,31,36,4,8
8,13,31,36,4,52
2,3,40,5,50,62
3,2,40,5,50,62
40,2,3,5,50,62
5,2,3,40,50,62
50,2,3,40,5,62
62,2,3,40,5,50
15,18,19,20,36,7
18,15,19,20,36,7
19,15,18,20,36,7
20,15,18,19,36,7
36,15,18,19,20,7
7,15,18,19,20,36
11,12,15,16,25,54
12,11,15,16,25,54
15,11,12,16,25,54
16,11,12,15,25,54
25,11,12,15,16,54
54,11,12,15,16,25
10,11,18,21,22,53
11,10,18,21,22,53
18,10,11,21,22,53
21,10,11,18,22,53
22,10,11,18,21,53
53,10,11,18,21,22
12,13,44,52,6,62
13,12,44,52,6,62
44,12,13,52,6,62
52,12,13,44,6,62
6,12,13,44,52,62
62,12,13,44,52,6
14,23,3,32,34,68
23,14,3,32,34,68
3,14,23,32,34,68
32,14,23,3,34,68
34,14,23,3,32,68
68,14,23,3,32,34
11,23,28,50,57,62
23,11,28,50,57,62
28,11,23,50,57,62
50,11,23,28,57,62
57,11,23,28,50,62
62,11,23,28,50,57
10,12,13,21,46,50
12,10,13,21,46,50
13,10,12,21,46,50
21,10,12,13,46,50
46,10,12,13,21,50
50,10,12,13,21,46
11,23,3,43,54,60
23,11,3,43,54,60
3,11,23,43,54,60
43,11,23,3,54,60
54,11,23,3,43,60
60,11,23,3,43,54
11,23,42,52,6,68
23,11,42,52,6,68
42,11,23,52,6,68
52,11,23,42,6,68
6,11,23,42,52,68
68,11,23,42,52,6
19,24,44,53,55,63
24,19,44,53,55,63
44,19,24,53,55,63
53,19,24,44,55,63
55,19,24,44,53,63
63,19,24,44,53,55
28,3,30,40,61,9
3,28,30,40,61,9
30,28,3,40,61,9
40,28,3,30,61,9
61,28,3,30,40,9
9,28,3,30,40,61
25,28,4,49,60,65
28,25,4,49,60,65
4,25,28,49,60,65
49,25,28,4,60,65
60,25,28,4,49,65
65,25,28,4,49,60
14,22,23,41,61,9
22,14,23,41,61,9
23,14,22,41,61,9
41,14,22,23,61,9
61,14,22,23,41,9
9,14,22,23,41,61
22,30,33,35,38,64
30,22,33,35,38,64
33,22,30,35,38,64
35,22,30,33,38,64
38,22,30,33,35,64
64,22,30,33,35,38
18,25,3,3,32,51
25,18,3,3,32,51
3,18,25,3,32,51
3,18,25,3,32,51
32,18,25,3,3,51
51,18,25,3,3,32
12,25,30,52,62,8
25,12,30,52,62,8
30,12,25,52,62,8
52,12,25,30,62,8
62,12,25,30,52,8
8,12,25,30,52,62
13,19,35,46,59,62
19,13,35,46,59,62
35,13,19,46,59,62
46,13,19,35,59,62
59,13,19,35,46,62
62,13,19,35,46,59
17,2,25,33,39,64
2,17,25,33,39,64
25,17,2,33,39,64
33,17,2,25,39,64
39,17,2,25,33,64
64,17,2,25,33,39
12,14,16,3,32,34
14,12,16,3,32,34
16,12,14,3,32,34
3,12,14,16,32,34
32,12,14,16,3,34
34,12,14,16,3,32
3,30,47,57,66,69
30,3,47,57,66,69
47,3,30,57,66,69
57,3,30,47,66,69
66,3,30,47,57,69
69,3,30,47,57,66
25,26,44,5,66,9
26,25,44,5,66,9
44,25,26,5,66,9
5,25,26,44,66,9
66,25,26,44,5,9
9,25,26,44,5,66
20,23,32,52,66,69
23,20,32,52,66,69
32,20,23,52,66,69
52,20,23,32,66,69
66,20,23,32,52,69
69,20,23,32,52,66
13,27,47,64,65,9
27,13,47,64,65,9
47,13,27,64,65,9
64,13,27,47,65,9
65,13,27,47,64,9
9,13,27,47,64,65
11,23,25,39,54,67
23,11,25,39,54,67
25,11,23,39,54,67
39,11,23,25,54,67
54,11,23,25,39,67
67,11,23,25,39,54
23,26,32,5,7,9
26,23,32,5,7,9
32,23,26,5,7,9
5,23,26,32,7,9
7,23,26,32,5,9
9,23,26,32,5,7
11,15,24,41,59,64
15,11,24,41,59,64
24,11,15,41,59,64
41,11,15,24,59,64
59,11,15,24,41,64
64,11,15,24,41,59
12,23,30,33,40,69
23,12,30,33,40,69
30,12,23,33,40,69
33,12,23,30,40,69
40,12,23,30,33,69
69,12,23,30,33,40
16,17,20,22,43,64
17,16,20,22,43,64
20,16,17,22,43,64
22,16,17,20,43,64
43,16,17,20,22,64
64,16,17,20,22,43
20,27,36,41,58,7
27,20,36,41,58,7
36,20,27,41,58,7
41,20,27,36,58,7
58,20,27,36,41,7
7,20,27,36,41,58
10,22,24,31,33,4
22,10,24,31,33,4
24,10,22,31,33,4
31,10,22,24,33,4
33,10,22,24,31,4
4,10,22,24,31,33
11,2,23,41,53,63
2,11,23,41,53,63
23,11,2,41,53,63
41,11,2,23,53,63
53,11,2,23,41,63
63,11,2,23,41,53
14,17,40,42,43,52
17,14,40,42,43,52
40,14,17,42,43,52
42,14,17,40,43,52
43,14,17,40,42,52
52,14,17,40,42,43
25,27,3,36,56,69
27,25,3,36,56,69
3,25,27,36,56,69
36,25,27,3,56,69
56,25,27,3,36,69
69,25,27,3,36,56
23,29,37,6,60,64
29,23,37,6,60,64
37,23,29,6,60,64
6,23,29,37,60,64
60,23,29,37,6,64
64,23,29,37,6,60
10,34,39,4,59,63
34,10,39,4,59,63
39,10,34,4,59,63
4,10,34,39,59,63
59,10,34,39,4,63
63,10,34,39,4,59
18,2,24,31,57,66
2,18,24,31,57,66
24,18,2,31,57,66
31,18,2,24,57,66
57,18,2,24,31,66
66,18,2,24,31,57
10,15,29,3,54,57
15,10,29,3,54,57
29,10,15,3,54,57
3,10,15,29,54,57
54,10,15,29,3,57
57,10,15,29,3,54
11,17,26,40,50,62
17,11,26,40,50,62
26,11,17,40,50,62
40,11,17,26,50,62
50,11,17,26,40,62
62,11,17,26,40,50
25,35,5,58,6,66
35,25,5,58,6,66
5,25,35,58,6,66
58,25,35,5,6,66
6,25,35,5,58,66
66,25,35,5,58,6
11,23,35,39,5,7
23,11,35,39,5,7
35,11,23,39,5,7
39,11,23,35,5,7
5,11,23,35,39,7
7,11,23,35,39,5
11,17,21,23,32,5
17,11,21,23,32,5
21,11,17,23,32,5
23,11,17,21,32,5
32,11,17,21,23,5
5,11,17,21,23,32
11,2,27,66,67,9
2,11,27,66,67,9
27,11,2,66,67,9
66,11,2,27,67,9
67,11,2,27,66,9
9,11,2,27,66,67
12,23,56,61,64,67
23,12,56,61,64,67
56,12,23,61,64,67
61,12,23,56,64,67
64,12,23,56,61,67
67,12,23,56,61,64
33,44,49,50,52,8
44,33,49,50,52,8
49,33,44,50,52,8
50,33,44,49,52,8
52,33,44,49,50,8
8,33,44,49,50,52
21,24,3,6,60,68
24,21,3,6,60,68
3,21,24,6,60,68
6,21,24,3,60,68
60,21,24,3,6,68
68,21,24,3,6,60
11,16,25,64,65,9
16,11,25,64,65,9
25,11,16,64,65,9
64,11,16,25,65,9
65,11,16,25,64,9
9,11,16,25,64,65
20,32,4,48,49,63
32,20,4,48,49,63
4,20,32,48,49,63
48,20,32,4,49,63
49,20,32,4,48,63
63,20,32,4,48,49
25,39,50,59,67,7
39,25,50,59,67,7
50,25,39,59,67,7
59,25,39,50,67,7
67,25,39,50,59,7
7,25,39,50,59,67
17,3,49,55,68,8
3,17,49,55,68,8
49,17,3,55,68,8
55,17,3,49,68,8
68,17,3,49,55,8
8,17,3,49,55,68
10,11,14,23,28,31
11,10,14,23,28,31
14,10,11,23,28,31
23,10,11,14,28,31
28,10,11,14,23,31
31,10,11,14,23,28
14,19,51,55,62,9
19,14,51,55,62,9
51,14,19,55,62,9
55,14,19,51,62,9
62,14,19,51,55,9
9,14,19,51,55,62
1,17,28,63,67,69
17,1,28,63,67,69
28,1,17,63,67,69
63,1,17,28,67,69
67,1,17,28,63,69
69,1,17,28,63,67
1,30,38,52,53,62
30,1,38,52,53,62
38,1,30,52,53,62
52,1,30,38,53,62
53,1,30,38,52,62
62,1,30,38,52,53
1,12,2,50,61,64
12,1,2,50,61,64
2,1,12,50,61,64
50,1,12,2,61,64
61,1,12,2,50,64
64,1,12,2,50,61
15,18,27,29,60,8
18,15,27,29,60,8
27,15,18,29,60,8
29,15,18,27,60,8
60,15,18,27,29,8
8,15,18,27,29,60
16,16,30,34,37,44
16,16,30,34,37,44
30,16,16,34,37,44
34,16,16,30,37,44
37,16,16,30,34,44
44,16,16,30,34,37
20,23,49,57,64,67
23,20,49,57,64,67
49,20,23,57,64,67
57,20,23,49,64,67
64,20,23,49,57,67
67,20,23,49,57,64
10,16,23,38,43,63
16,10,23,38,43,63
23,10,16,38,43,63
38,10,16,23,43,63
43,10,16,23,38,63
63,10,16,23,38,43
16,2,24,3,48,56
2,16,24,3,48,56
24,16,2,3,48,56
3,16,2,24,48,56
48,16,2,24,3,56
56,16,2,24,3,48
19,20,21,23,42,48
20,19,21,23,42,48
21,19,20,23,42,48
23,19,20,21,42,48
42,19,20,21,23,48
48,19,20,21,23,42
13,18,37,5,54,61
18,13,37,5,54,61
37,13,18,5,54,61
5,13,18,37,54,61
54,13,18,37,5,61
61,13,18,37,5,54
21,31,50,51,69,8
31,21,50,51,69,8
50,21,31,51,69,8
51,21,31,50,69,8
69,21,31,50,51,8
8,21,31,50,51,69
1,2,25,28,31,54
2,1,25,28,31,54
25,1,2,28,31,54
28,1,2,25,31,54
31,1,2,25,28,54
54,1,2,25,28,31
28,41,61,63,65,7
41,28,61,63,65,7
61,28,41,63,65,7
63,28,41,61,65,7
65,28,41,61,63,7
7,28,41,61,63,65
16,21,24,28,43,61
21,16,24,28,43,61
24,16,21,28,43,61
28,16,21,24,43,61
43,16,21,24,28,61
61,16,21,24,28,43
16,17,19,21,37,44
17,16,19,21,37,44
19,16,17,21,37,44
21,16,17,19,37,44
37,16,17,19,21,44
44,16,17,19,21,37
14,18,25,3,45,7
18,14,25,3,45,7
25,14,18,3,45,7
3,14,18,25,45,7
45,14,18,25,3,7
7,14,18,25,3,45
10,22,26,27,33,8
22,10,26,27,33,8
26,10,22,27,33,8
27,10,22,26,33,8
33,10,22,26,27,8
8,10,22,26,27,33
20,41,48,49,53,64
41,20,48,49,53,64
48,20,41,49,53,64
49,20,41,48,53,64
53,20,41,48,49,64
64,20,41,48,49,53
12,15,21,32,44,66
15,12,21,32,44,66
21,12,15,32,44,66
32,12,15,21,44,66
44,12,15,21,32,66
66,12,15,21,32,44
15,18,26,37,39,66
18,15,26,37,39,66
26,15,18,37,39,66
37,15,18,26,39,66
39,15,18,26,37,66
66,15,18,26,37,39
1,10,16,40,48,8
10,1,16,40,48,8
16,1,10,40,48,8
40,1,10,16,48,8
48,1,10,16,40,8
8,1,10,16,40,48
16,23,30,4,44,58
23,16,30,4,44,58
30,16,23,4,44,58
4,16,23,30,44,58
44,16,23,30,4,58
58,16,23,30,4,44
1,28,3,57,67,9
28,1,3,57,67,9
3,1,28,57,67,9
57,1,28,3,67,9
67,1,28,3,57,9
9,1,28,3,57,67
10,12,24,3,37,63
12,10,24,3,37,63
24,10,12,3,37,63
3,10,12,24,37,63
37,10,12,24,3,63
63,10,12,24,3,37
13,23,55,59,64,69
23,13,55,59,64,69
55,13,23,59,64,69
59,13,23,55,64,69
64,13,23,55,59,69
69,13,23,55,59,64
12,40,41,53,58,9
40,12,41,53,58,9
41,12,40,53,58,9
53,12,40,41,58,9
58,12,40,41,53,9
9,12,40,41,53,58
2,23,25,45,52,67
23,2,25,45,52,67
25,2,23,45,52,67
45,2,23,25,52,67
52,2,23,25,45,67
67,2,23,25,45,52
12,17,20,39,49,69
17,12,20,39,49,69
20,12,17,39,49,69
39,12,17,20,49,69
49,12,17,20,39,69
69,12,17,20,39,49
13,16,17,25,52,6
16,13,17,25,52,6
17,13,16,25,52,6
25,13,16,17,52,6
52,13,16,17,25,6
6,13,16,17,25,52
14,20,42,49,5,66
20,14,42,49,5,66
42,14,20,49,5,66
49,14,20,42,5,66
5,14,20,42,49,66
66,14,20,42,49,5
17,2,37,5,64,9
2,17,37,5,64,9
37,17,2,5,64,9
5,17,2,37,64,9
64,17,2,37,5,9
9,17,2,37,5,64
20,3,31,33,7,9
3,20,31,33,7,9
31,20,3,33,7,9
33,20,3,31,7,9
7,20,3,31,33,9
9,20,3,31,33,7
10,13,2,28,52,61
13,10,2,28,52,61
2,10,13,28,52,61
28,10,13,2,52,61
52,10,13,2,28,61
61,10,13,2,28,52
19,32,47,6,62,65
32,19,47,6,62,65
47,19,32,6,62,65
6,19,32,47,62,65
62,19,32,47,6,65
65,19,32,47,6,62
10,16,17,40,52,55
16,10,17,40,52,55
17,10,16,40,52,55
40,10,16,17,52,55
52,10,16,17,40,55
55,10,16,17,40,52
10,16,17,40,52,55
16,10,17,40,52,55
17,10,16,40,52,55
40,10,16,17,52,55
52,10,16,17,40,55
55,10,16,17,40,52
23,33,4,42,46,59
33,23,4,42,46,59
4,23,33,42,46,59
42,23,33,4,46,59
46,23,33,4,42,59
59,23,33,4,42,46
1,11,26,41,50,57
11,1,26,41,50,57
26,1,11,41,50,57
41,1,11,26,50,57
50,1,11,26,41,57
57,1,11,26,41,50
13,25,44,5,54,67
25,13,44,5,54,67
44,13,25,5,54,67
5,13,25,44,54,67
54,13,25,44,5,67
67,13,25,44,5,54
2,27,29,42,9,9
27,2,29,42,9,9
29,2,27,42,9,9
42,2,27,29,9,9
9,2,27,29,42,9
9,2,27,29,42,9
11,15,31,36,62,8
15,11,31,36,62,8
31,11,15,36,62,8
36,11,15,31,62,8
62,11,15,31,36,8
8,11,15,31,36,62
1,32,36,44,65,9
32,1,36,44,65,9
36,1,32,44,65,9
44,1,32,36,65,9
65,1,32,36,44,9
9,1,32,36,44,65
15,23,36,51,53,60
23,15,36,51,53,60
36,15,23,51,53,60
51,15,23,36,53,60
53,15,23,36,51,60
60,15,23,36,51,53
13,22,26,45,5,61
22,13,26,45,5,61
26,13,22,45,5,61
45,13,22,26,5,61
5,13,22,26,45,61
61,13,22,26,45,5
1,15,19,37,40,52
15,1,19,37,40,52
19,1,15,37,40,52
37,1,15,19,40,52
40,1,15,19,37,52
52,1,15,19,37,40
21,39,41,48,6,63
39,21,41,48,6,63
41,21,39,48,6,63
48,21,39,41,6,63
6,21,39,41,48,63
63,21,39,41,48,6
1,15,18,26,26,51
15,1,18,26,26,51
18,1,15,26,26,51
26,1,15,18,26,51
26,1,15,18,26,51
51,1,15,18,26,26
17,18,49,59,66,9
18,17,49,59,66,9
49,17,18,59,66,9
59,17,18,49,66,9
66,17,18,49,59,9
9,17,18,49,59,66
11,21,21,31,41,59
21,11,21,31,41,59
21,11,21,31,41,59
31,11,21,21,41,59
41,11,21,21,31,59
59,11,21,21,31,41
17,19,20,32,63,68
19,17,20,32,63,68
20,17,19,32,63,68
32,17,19,20,63,68
63,17,19,20,32,68
68,17,19,20,32,63
11,39,4,45,48,9
39,11,4,45,48,9
4,11,39,45,48,9
45,11,39,4,48,9
48,11,39,4,45,9
9,11,39,4,45,48
22,3,45,47,5,54
3,22,45,47,5,54
45,22,3,47,5,54
47,22,3,45,5,54
5,22,3,45,47,54
54,22,3,45,47,5
10,28,5,55,67,9
28,10,5,55,67,9
5,10,28,55,67,9
55,10,28,5,67,9
67,10,28,5,55,9
9,10,28,5,55,67
33,39,4,46,6,60
39,33,4,46,6,60
4,33,39,46,6,60
46,33,39,4,6,60
6,33,39,4,46,60
60,33,39,4,46,6
21,25,3,41,54,9
25,21,3,41,54,9
3,21,25,41,54,9
41,21,25,3,54,9
54,21,25,3,41,9
9,21,25,3,41,54
13,21,5,57,66,69
21,13,5,57,66,69
5,13,21,57,66,69
57,13,21,5,66,69
66,13,21,5,57,69
69,13,21,5,57,66
22,24,43,5,57,63
24,22,43,5,57,63
43,22,24,5,57,63
5,22,24,43,57,63
57,22,24,43,5,63
63,22,24,43,5,57
10,13,21,32,53,62
13,10,21,32,53,62
21,10,13,32,53,62
32,10,13,21,53,62
53,10,13,21,32,62
62,10,13,21,32,53
13,14,46,61,65,68
14,13,46,61,65,68
46,13,14,61,65,68
61,13,14,46,65,68
65,13,14,46,61,68
68,13,14,46,61,65
10,10,22,32,36,58
10,10,22,32,36,58
22,10,10,32,36,58
32,10,10,22,36,58
36,10,10,22,32,58
58,10,10,22,32,36
29,37,46,53,68,8
37,29,46,53,68,8
46,29,37,53,68,8
53,29,37,46,68,8
68,29,37,46,53,8
8,29,37,46,53,68
16,19,42,45,48,53
19,16,42,45,48,53
42,16,19,45,48,53
45,16,19,42,48,53
48,16,19,42,45,53
53,16,19,42,45,48
10,26,29,40,59,8
26,10,29,40,59,8
29,10,26,40,59,8
40,10,26,29,59,8
59,10,26,29,40,8
8,10,26,29,40,59
1,18,2,23,61,9
18,1,2,23,61,9
2,1,18,23,61,9
23,1,18,2,61,9
61,1,18,2,23,9
9,1,18,2,23,61
4,50,51,59,61,63
50,4,51,59,61,63
51,4,50,59,61,63
59,4,50,51,61,63
61,4,50,51,59,63
63,4,50,51,59,61
32,44,5,53,60,9
44,32,5,53,60,9
5,32,44,53,60,9
53,32,44,5,60,9
60,32,44,5,53,9
9,32,44,5,53,60
12,19,21,42,69,7
19,12,21,42,69,7
21,12,19,42,69,7
42,12,19,21,69,7
69,12,19,21,42,7
7,12,19,21,42,69
1,12,28,40,45,48
12,1,28,40,45,48
28,1,12,40,45,48
40,1,12,28,45,48
45,1,12,28,40,48
48,1,12,28,40,45
1,16,18,54,63,69
16,1,18,54,63,69
18,1,16,54,63,69
54,1,16,18,63,69
63,1,16,18,54,69
69,1,16,18,54,63
11,11,21,28,33,45
11,11,21,28,33,45
21,11,11,28,33,45
28,11,11,21,33,45
33,11,11,21,28,45
45,11,11,21,28,33
12,30,36,47,62,9
30,12,36,47,62,9
36,12,30,47,62,9
47,12,30,36,62,9
62,12,30,36,47,9
9,12,30,36,47,62
19,20,24,26,35,49
20,19,24,26,35,49
24,19,20,26,35,49
26,19,20,24,35,49
35,19,20,24,26,49
49,19,20,24,26,35
15,4,43,60,64,9
4,15,43,60,64,9
43,15,4,60,64,9
60,15,4,43,64,9
64,15,4,43,60,9
9,15,4,43,60,64
13,17,19,39,43,68
17,13,19,39,43,68
19,13,17,39,43,68
39,13,17,19,43,68
43,13,17,19,39,68
68,13,17,19,39,43
16,23,26,4,6,7
23,16,26,4,6,7
26,16,23,4,6,7
4,16,23,26,6,7
6,16,23,26,4,7
7,16,23,26,4,6
15,15,32,38,66,7
15,15,32,38,66,7
32,15,15,38,66,7
38,15,15,32,66,7
66,15,15,32,38,7
7,15,15,32,38,66
21,26,41,52,6,62
26,21,41,52,6,62
41,21,26,52,6,62
52,21,26,41,6,62
6,21,26,41,52,62
62,21,26,41,52,6
14,17,32,58,67,8
17,14,32,58,67,8
32,14,17,58,67,8
58,14,17,32,67,8
67,14,17,32,58,8
8,14,17,32,58,67
20,22,29,57,59,6
22,20,29,57,59,6
29,20,22,57,59,6
57,20,22,29,59,6
59,20,22,29,57,6
6,20,22,29,57,59
17,19,24,35,57,63
19,17,24,35,57,63
24,17,19,35,57,63
35,17,19,24,57,63
57,17,19,24,35,63
63,17,19,24,35,57
26,39,48,53,67,68
39,26,48,53,67,68
48,26,39,53,67,68
53,26,39,48,67,68
67,26,39,48,53,68
68,26,39,48,53,67
19,24,45,55,56,57
24,19,45,55,56,57
45,19,24,55,56,57
55,19,24,45,56,57
56,19,24,45,55,57
57,19,24,45,55,56
