53,2,23,63,41,11
49,22,14,19,9,34
48,18,46,3,10,8
20,19,47,57,40,29
35,49,41,36,9,33
10,5,24,17,43,31
44,15,56,39,2,15
31,50,69,21,51,8
40,10,14,32,49,15
47,6,35,20,37,1
3,17,13,52,42,24
40,43,27,22,16,5
16,36,20,6,31,8
38,2,43,5,59,8
46,26,52,10,30,35
18,30,2,14,31,36
8,43,22,39,15,22
58,4,17,35,15,17
5,15,45,17,3,6
17,47,44,7,54,3
24,16,48,34,3,3
7,8,32,17,14,15
18,4,30,37,3,23
24,40,1,50,49,38
37,34,33,25,35,35
48,21,41,27,25,25
19,26,54,41,2,23
8,16,1,7,19,37
47,53,23,55,9,39
54,8,7,29,17,26
37,1,55,44,34,33
58,18,48,13,36,28
9,23,2,14,21,3
14,41,10,8,42,20
1,19,45,58,46,29
27,42,39,34,23,40
62,30,12,25,52,8
32,13,38,51,19,30
18,37,20,16,3,30
14,57,33,10,7,18
17,27,29,7,41,33
43,10,12,23,47,18
32,18,45,10,11,18
15,27,23,36,16,9
32,28,10,64,61,12
53,41,36,32,37,30
54,15,48,33,10,34
27,54,25,31,44,8
44,33,12,50,40,40
11,34,55,41,49,20
39,20,14,40,3,37
9,13,11,24,43,18
3,30,8,47,12,23
39,28,14,29,26,39
18,39,57,36,41,12
24,42,26,16,28,24
1,2,6,20,10,38
1,53,20,37,52,33
12,64,50,61,2,1
48,35,15,12,25,30
59,12,46,19,15,12
15,21,38,19,8,33
37,69,12,25,60,20
29,39,9,24,3,42
21,5,8,49,46,34
42,46,12,4,19,9
28,54,14,15,37,10
38,36,30,24,37,42
52,48,15,24,40,23
49,20,42,14,66,5
48,56,2,16,3,24
41,33,10,59,29,15
16,24,26,10,18,13
6,51,3,20,32,23
30,35,38,33,64,22
46,39,31,35,34,3
25,68,40,54,33,3
30,12,34,19,36,8
39,26,24,34,25,31
42,45,11,31,35,35
17,42,33,37,34,8
23,47,10,20,54,26
2,21,43,32,16,6
26,20,54,46,38,23
42,7,16,6,34,23
17,52,10,33,51,5
17,7,20,13,35,35
12,53,30,27,10,28
39,19,53,30,40,16
9,23,41,19,16,12
5,55,33,39,36,21
30,40,37,32,19,37
34,44,30,16,37,16
10,41,22,20,49,6
41,29,5,42,18,16
55,7,54,23,35,28
6,51,42,4,25,17
48,47,35,4,16,39
1,44,6,34,31,25
23,29,35,8,2,19
31,15,33,47,43,6
17,52,27,35,28,2
49,3,37,19,14,4
14,25,33,18,49,23
8,49,34,29,26,28
8,15,59,34,53,23
26,54,49,25,17,11
55,10,50,1,23,29
47,49,53,3,19,4
29,37,59,10,44,10
19,5,16,34,29,24
10,40,45,20,21,22
57,12,28,15,11,23
22,4,41,44,9,14
29,38,8,13,52,28
31,42,10,27,20,26
25,4,17,2,6,31
17,34,32,16,43,31
37,1,11,10,40,20
36,14,10,11,7,15
17,28,10,1,45,20
5,8,44,40,11,10
30,53,62,38,52,1
32,56,4,27,22,13
16,42,8,7,43,15
19,33,42,52,11,33
26,15,28,36,14,36
34,12,31,51,3,24
28,22,3,11,18,33
45,25,23,67,52,2
53,40,32,49,43,21
36,20,54,27,26,19
48,23,40,21,19,27
32,36,13,21,5,33
22,52,10,23,7,29
49,14,48,9,44,29
21,23,6,8,3,11
39,8,43,45,49,13
9,38,3,33,19,18
12,43,17,26,48,24
8,5,26,41,9,19
52,10,61,28,13,2
40,51,44,11,17,21
17,45,10,29,9,33
50,53,10,20,25,35
33,47,13,16,44,29
33,32,19,54,42,15
15,2,29,47,21,12
56,6,4,34,49,29
27,34,52,49,42,23
46,14,49,7,23,20
38,56,28,39,23,32
18,40,25,43,15,37
45,19,41,32,8,37
16,43,46,49,22,10
50,51,6,16,52,23
36,51,56,22,59,32
20,45,1,21,5,24
40,51,59,41,38,33
50,58,7,31,51,6
33,41,25,14,32,34
38,9,32,28,5,29
12,36,38,19,4,6
24,43,11,12,45,9
38,1,48,27,7,30
15,47,35,34,42,15
11,16,21,35,27,31
15,59,52,10,31,4
28,6,4,12,42,6
58,3,56,48,16,4
20,39,7,17,59,17
40,1,6,21,33,28
1,55,33,28,56,22
51,37,34,16,4,38
17,6,16,19,38,16
49,1,5,10,15,22
28,47,19,20,17,37
41,35,10,16,3,38
11,40,16,51,56,38
17,49,5,25,37,21
15,16,35,46,1,35
25,2,32,31,18,1
16,11,44,17,6,26
15,37,35,1,47,8
21,33,42,7,16,25
36,10,43,40,42,42
49,7,27,1,36,39
30,68,59,41,28,10
8,20,49,9,3,22
3,8,25,47,30,13
42,36,19,1,8,20
46,22,35,52,29,2
42,14,9,16,11,19
8,13,59,17,34,35
37,28,33,22,25,20
6,20,10,1,13,32
40,69,33,23,30,12
47,5,24,26,33,1
18,4,35,27,9,11
27,7,30,44,24,29
40,22,32,26,38,7
15,26,31,6,20,9
35,3,37,27,45,31
35,1,17,36,27,31
44,36,23,9,8,15
53,38,24,54,16,5
55,2,17,41,54,17
19,35,57,47,13,29
26,53,24,14,2,1
57,25,18,55,50,17
1,57,16,41,17,15
41,6,54,5,37,26
54,30,32,46,25,26
48,11,14,26,31,30
37,39,38,19,10,28
28,15,36,23,21,20
39,27,7,3,40,8
6,52,59,29,9,7
61,52,51,64,3,6
29,27,7,40,17,25
18,36,31,25,20,7
24,28,54,2,14,13
3,45,29,24,14,24
27,43,31,12,4,20
21,40,8,38,4,3
30,33,37,36,49,35
34,52,45,20,33,21
41,6,27,23,47,19
1,20,11,39,34,37
53,5,56,14,32,11
43,22,34,6,45,23
39,17,21,32,19,8
23,26,39,4,17,27
16,5,12,31,43,18
49,7,12,19,47,6
32,45,34,52,58,20
27,24,30,13,45,18
39,47,43,20,18,31
39,59,7,67,50,25
13,2,27,19,50,5
4,52,22,27,28,35
27,19,38,13,17,12
10,26,19,32,27,14
30,7,18,45,41,6
28,26,48,40,15,9
45,34,13,50,16,11
7,14,24,41,21,26
29,9,10,52,39,20
41,29,20,16,11,12
8,23,43,15,46,29
31,50,37,1,33,40
47,17,50,12,35,13
18,13,4,59,49,5
32,50,12,40,54,37
42,55,38,54,36,24
33,5,52,46,17,9
30,12,36,20,47,25
25,52,53,6,26,40
44,42,6,27,32,10
1,25,40,53,20,19
32,35,7,48,38,17
5,36,49,55,22,23
56,51,35,44,8,18
17,8,51,24,38,31
46,17,22,16,54,35
35,3,16,2,13,27
28,44,12,22,25,24
27,37,42,12,10,30
36,18,25,50,48,23
46,45,19,39,49,17
31,42,19,45,32,6
6,58,66,25,35,5
40,42,38,1,4,17
17,45,46,5,14,41
43,2,15,4,37,40
40,12,43,48,33,16
12,18,1,33,9,14
4,3,29,38,13,21
45,34,42,3,21,39
52,49,36,57,44,1
54,12,11,16,15,25
40,10,11,37,54,10
18,62,66,68,28,22
50,56,42,53,19,39
25,40,18,23,26,15
32,4,10,39,45,25
16,10,52,40,55,17
9,3,33,7,31,20
41,33,39,54,40,28
2,62,40,50,3,5
49,24,12,36,35,1
55,69,23,64,59,13
14,3,46,38,35,16
1,34,47,10,39,33
15,7,29,41,20,22
2,48,30,9,47,40
17,36,29,16,31,23
22,49,41,26,3,18
23,21,42,32,34,5
2,36,22,32,47,36
22,15,38,47,8,26
9,15,31,40,37,9
58,1,32,42,12,12
47,44,23,21,39,19
57,56,1,53,12,5
24,41,39,23,27,30
41,42,17,40,46,25
3,24,38,21,39,24
15,30,5,40,25,6
46,41,36,18,11,38
18,45,25,1,29,2
6,7,40,56,31,38
2,7,48,9,5,32
5,43,34,52,40,20
51,55,21,12,13,18
37,6,3,27,41,38
33,36,4,23,45,29
2,19,35,24,28,26
28,2,36,46,42,40
29,10,18,16,45,19
45,11,13,21,34,30
22,16,42,23,55,32
37,25,41,10,2,2
44,5,39,69,47,24
5,49,14,13,31,30
35,9,26,11,51,32
45,17,59,12,25,19
4,9,27,7,32,6
24,3,28,1,41,10
10,2,39,34,7,12
3,48,45,1,35,18
50,42,36,38,34,33
45,11,28,40,3,33
27,24,42,31,13,22
33,54,42,9,45,30
31,5,55,50,56,9
10,40,14,8,33,31
3,49,30,19,26,31
37,52,10,1,57,11
7,22,27,48,50,17
38,13,12,9,35,30
46,11,1,35,53,29
52,28,10,40,31,41
35,9,49,4,32,28
34,44,20,48,6,29
17,45,23,33,21,11
50,17,57,35,4,12
6,40,37,13,8,11
28,17,1,50,8,20
9,32,5,7,23,26
12,25,48,2,30,38
40,52,3,67,12,21
32,14,47,20,3,2
47,53,14,52,54,5
47,2,32,40,16,15
44,29,54,40,9,7
51,19,9,62,55,14
14,42,18,33,24,8
48,24,5,15,18,16
27,6,11,15,22,27
27,6,15,42,24,32
53,9,37,5,42,27
38,19,6,42,4,37
49,64,48,41,53,20
28,13,20,32,16,36
54,11,6,42,53,7
39,6,37,45,55,33
7,28,44,43,15,20
31,8,29,25,4,41
19,47,1,40,49,14
20,8,27,52,17,24
5,43,16,12,13,11
36,52,44,4,40,33
22,54,52,14,59,4
19,9,6,24,40,31
13,45,54,5,17,12
43,1,28,27,24,25
42,19,23,14,29,26
8,33,38,35,47,8
33,57,19,23,13,28
36,46,23,44,42,33
15,41,59,37,56,5
1,38,5,26,32,30
16,46,10,56,7,1
62,52,13,12,44,6
26,35,16,52,58,2
19,20,27,7,26,12
7,8,17,59,48,9
39,25,38,15,30,42
34,48,54,52,9,15
8,29,51,58,41,5
17,36,23,10,13,23
42,8,49,22,3,39
54,51,9,18,4,10
43,39,2,33,40,26
6,18,11,20,44,39
21,17,37,44,19,16
57,30,13,38,32,25
22,31,3,7,14,2
2,4,34,22,6,26
2,17,36,24,5,20
17,49,54,35,1,34
58,56,20,19,42,37
20,5,22,34,23,19
42,5,12,18,7,14
52,11,55,48,29,36
57,14,29,18,28,8
2,37,36,48,9,16
58,16,15,46,50,29
47,33,68,27,13,13
41,43,20,19,38,29
56,45,57,22,18,27
17,45,41,34,13,17
47,52,55,48,12,13
19,24,47,27,15,11
16,3,15,39,28,1
37,4,32,42,33,25
43,22,6,20,32,11
13,30,5,20,17,18
12,28,13,48,6,26
14,23,41,61,22,9
28,20,44,13,12,17
39,48,20,22,10,25
31,37,13,14,15,10
40,36,4,21,2,41
50,16,18,36,27,8
5,33,10,13,30,28
26,1,11,4,23,14
3,24,30,49,10,35
25,10,35,43,24,32
28,35,47,40,53,30
53,24,51,16,18,16
42,14,22,13,32,26
10,15,51,12,49,21
23,20,5,30,8,3
22,20,32,16,37,9
21,57,58,14,50,7
23,45,50,20,36,9
22,43,1,24,39,26
8,42,51,20,6,16
12,30,7,48,28,40
53,27,25,3,28,35
51,46,26,3,11,23
41,54,59,33,5,13
31,20,4,25,6,6
27,18,16,30,13,23
22,39,21,20,11,1
17,28,30,4,40,3
12,7,22,31,8,18
5,48,41,34,13,7
43,63,16,38,10,23
34,21,49,32,19,38
25,24,20,59,53,15
45,21,35,33,38,12
42,4,26,51,19,29
4,23,45,47,33,33
65,28,49,60,4,25
9,47,20,25,68,7
22,25,39,13,51,28
16,19,34,37,22,20
47,10,6,31,48,29
35,5,38,7,20,19
37,47,18,22,54,36
1,11,20,27,25,2
2,4,38,14,8,1
24,38,5,25,30,40
14,22,44,21,29,3
63,39,59,34,10,4
23,11,12,17,10,7
45,38,23,22,18,31
9,4,31,26,49,2
55,50,24,11,15,8
31,28,21,41,26,29
28,48,54,24,50,25
27,45,7,12,17,24
42,23,19,27,52,1
27,5,10,11,32,13
5,7,28,27,19,20
21,57,26,22,30,27
32,2,19,34,24,2
8,3,23,30,58,13
35,43,47,20,4,27
10,42,33,2,45,2
25,18,29,21,28,16
31,22,13,23,29,17
19,39,23,41,8,21
2,39,27,9,36,13
6,14,22,12,33,21
39,5,35,7,23,11
35,1,15,37,45,32
11,28,43,30,34,29
20,50,12,2,22,17
16,18,48,39,26,22
3,43,5,42,12,5
45,24,14,23,48,21
15,41,29,27,3,24
16,20,9,12,39,1
47,37,30,54,10,39
44,2,52,30,13,40
12,46,44,47,26,29
46,29,21,32,19,32
47,30,40,28,6,24
40,23,52,46,7,41
25,48,39,15,32,32
14,12,13,17,53,11
36,20,59,17,7,33
22,24,45,19,30,21
2,28,37,40,49,22
44,17,13,2,45,14
38,22,41,30,14,12
29,49,17,34,31,16
6,33,48,13,10,9
34,41,26,35,16,24
29,6,39,52,9,8
30,51,17,48,54,29
28,39,22,32,33,42
46,39,52,11,54,3
57,41,50,26,1,11
32,21,12,44,66,15
30,43,46,12,39,10
39,18,66,37,26,15
10,18,19,1,13,27
5,41,20,14,17,5
52,22,19,34,30,40
9,10,40,24,21,36
32,4,45,23,18,7
30,27,25,15,4,18
1,38,37,5,53,31
25,42,19,13,20,13
20,8,22,32,52,39
53,28,48,39,40,9
40,27,34,44,42,8
51,39,42,11,7,30
9,6,11,44,31,25
43,48,7,37,52,16
36,17,14,11,25,38
27,35,21,55,2,1
22,38,21,12,41,18
49,46,17,51,9,9
49,14,9,17,57,2
52,29,2,3,13,25
34,23,43,19,2,14
7,21,15,9,40,18
13,7,49,24,57,15
39,49,31,34,42,26
20,47,45,44,11,5
41,26,42,13,39,10
26,42,27,7,8,12
34,26,49,14,1,15
45,29,31,39,46,33
31,54,33,16,12,5
6,48,43,30,45,32
22,13,9,37,23,31
57,40,58,31,39,33
55,41,26,14,59,1
48,3,9,5,42,35
55,13,28,58,31,15
34,35,15,32,8,34
20,18,53,28,35,20
6,50,5,36,13,13
49,21,44,7,43,29
58,30,35,28,59,15
48,46,41,6,38,37
18,9,14,47,42,32
4,31,45,3,8,12
24,28,3,49,8,25
17,13,50,35,45,2
62,2,30,19,14,22
10,52,11,49,18,2
56,62,54,63,4,10
44,50,2,38,32,21
44,24,35,9,8,42
39,20,22,14,44,14
3,34,27,59,69,19
46,34,25,8,39,34
38,16,22,33,32,13
40,4,39,19,50,22
37,32,6,11,47,13
37,8,40,52,39,24
9,46,48,45,51,2
23,3,7,42,27,37
19,38,11,25,50,35
58,18,53,8,45,35
5,6,18,44,42,3
48,46,26,42,37,38
46,39,30,14,43,14
21,23,38,20,42,6
18,51,14,34,10,26
11,39,1,40,37,23
32,12,20,16,26,35
20,41,4,40,22,7
10,2,9,6,5,26
46,50,27,28,26,21
45,51,8,16,2,32
37,2,39,38,42,22
40,27,17,53,37,35
31,29,1,47,25,7
55,52,46,50,36,14
19,8,9,25,22,11
47,30,29,49,45,35
25,1,36,42,34,19
48,39,26,18,22,17
27,14,6,4,5,6
12,59,44,20,9,23
26,19,45,21,3,2
35,40,42,33,31,40
28,11,50,57,62,23
43,5,35,50,26,4
19,2,11,21,42,34
53,38,40,10,48,3
28,26,35,45,17,20
34,19,37,47,16,18
40,25,7,56,2,20
1,26,46,27,43,31
47,4,33,32,55,39
16,1,3,41,37,19
5,23,43,4,13,34
55,20,40,47,41,19
52,54,41,42,57,30
35,13,20,21,40,35
38,7,51,40,52,14
27,15,19,44,36,17
37,40,36,30,48,28
15,8,50,9,13,9
59,48,19,33,30,27
50,19,44,5,6,28
49,13,30,53,42,29
9,42,10,55,32,6
14,22,12,29,41,41
34,51,45,6,16,4
26,49,10,16,8,40
23,43,25,35,13,15
41,29,52,54,48,29
45,9,12,29,17,4
35,18,30,26,44,19
10,48,47,3,1,27
16,37,1,48,26,9
54,3,5,27,18,13
5,20,44,21,18,27
2,26,11,32,22,19
48,56,24,36,33,6
2,8,3,12,36,24
6,34,33,59,58,12
38,39,25,14,18,7
13,30,55,11,35,37
10,33,5,51,29,35
36,25,49,46,34,9
4,7,39,34,27,1
20,8,43,39,27,1
59,22,26,16,27,5
5,14,22,30,15,31
35,17,48,31,26,35
22,14,38,41,11,39
14,42,43,52,40,17
26,15,18,36,31,20
15,24,47,35,16,26
9,10,48,6,26,10
41,51,30,50,53,8
20,41,13,35,16,6
26,44,34,12,48,9
26,45,14,55,54,20
56,7,1,11,55,1
11,44,38,51,45,41
48,30,21,20,11,18
23,49,46,52,26,28
32,36,39,29,49,29
46,23,13,28,18,33
39,7,40,24,37,1
18,54,61,13,37,5
13,52,22,55,27,26
5,22,45,49,10,37
40,27,39,16,3,3
41,5,57,34,22,31
5,52,28,59,31,27
32,9,44,38,41,27
7,49,18,28,21,1
33,11,44,47,46,12
52,26,31,22,4,30
52,56,1,6,48,9
29,27,44,21,41,9
40,59,21,39,55,17
12,43,15,31,26,10
16,35,47,36,28,31
13,51,42,23,9,15
33,14,12,39,27,41
43,19,4,11,33,14
25,67,39,23,54,11
34,50,39,42,15,12
38,34,4,35,47,16
7,37,2,35,16,10
32,19,7,9,6,13
60,29,18,27,8,15
3,13,38,32,48,13
30,13,46,20,32,36
19,39,23,37,12,13
31,24,20,39,17,21
44,48,47,32,28,27
22,14,3,20,48,17
28,19,29,47,4,5
32,13,17,33,7,35
22,14,39,43,19,12
47,23,11,28,32,20
12,14,35,26,36,37
27,26,33,8,10,22
32,38,28,13,33,14
13,11,20,3,40,20
58,53,40,23,9,6
1,19,8,28,45,25
36,42,26,16,47,33
15,46,34,23,40,35
23,15,44,38,43,38
44,1,53,3,41,30
26,36,40,7,12,17
38,34,46,20,10,3
40,14,28,26,31,13
21,7,32,52,44,10
11,50,40,17,62,26
47,2,66,67,6,2
49,7,17,53,2,23
28,29,44,40,21,8
49,54,28,25,56,28
37,28,15,53,14,18
19,10,48,3,21,22
55,23,17,59,36,10
27,21,19,6,2,25
48,11,45,30,47,10
28,9,49,38,29,6
25,51,43,17,1,38
48,24,38,52,29,32
22,30,38,21,29,39
27,33,14,24,34,6
12,21,14,15,43,30
52,13,55,44,51,30
35,17,7,44,37,30
17,7,32,25,12,33
16,22,5,1,48,6
7,13,33,38,16,13
45,35,47,46,12,12
29,18,6,37,16,24
49,36,23,12,1,9
48,31,17,49,29,34
35,6,30,45,39,31
10,7,37,4,30,37
52,2,36,35,13,11
9,49,24,45,50,37
43,42,20,29,8,35
29,8,37,38,5,34
32,44,45,26,41,35
36,16,18,15,20,18
16,21,36,23,11,37
6,26,14,1,34,34
49,23,33,35,28,16
59,7,53,26,4,32
13,4,36,31,52,8
24,50,21,42,49,1
58,12,5,1,13,21
47,34,23,31,3,13
28,7,6,27,41,3
38,22,59,49,14,16
43,14,31,51,24,27
25,11,54,13,39,19
45,10,43,27,15,31
10,15,9,18,29,9
44,45,33,51,31,31
31,47,20,18,8,11
25,46,8,47,30,31
2,18,16,40,35,41
44,41,46,35,5,27
28,61,63,41,65,7
5,31,7,49,53,14
49,39,27,13,18,20
15,26,28,8,43,36
29,17,12,7,48,21
23,55,33,22,29,21
15,12,23,17,49,7
40,20,21,17,51,19
52,17,16,13,6,25
50,44,49,32,37,13
29,23,40,45,37,38
42,49,45,1,44,1
49,14,6,46,40,17
45,31,1,48,27,5
39,21,1,18,55,6
6,32,46,23,42,8
10,56,9,24,52,14
31,15,46,25,36,37
55,20,37,45,39,28
3,23,15,42,29,17
41,9,32,36,34,14
31,13,49,38,36,2
9,19,17,12,11,23
20,15,45,7,23,17
7,6,33,31,4,20
44,16,15,47,27,14
30,16,41,48,53,16
29,53,52,17,31,31
53,45,14,21,25,9
11,19,22,43,45,34
41,2,24,34,48,24
25,15,47,44,6,7
5,26,22,14,20,35
17,9,7,44,20,25
8,27,34,4,19,10
11,55,47,2,27,15
41,9,58,40,53,12
26,13,31,4,29,3
10,31,23,28,11,14
35,24,58,53,10,22
37,23,42,43,20,27
48,1,3,38,14,2
39,14,43,51,36,15
38,10,31,3,35,16
47,22,37,48,50,17
49,27,23,52,19,21
24,18,45,5,10,20
18,5,52,40,20,3
25,10,14,39,53,18
14,29,16,27,41,29
12,2,17,20,65,17
42,34,50,45,17,11
47,31,48,38,22,15
17,42,21,43,28,25
15,14,21,1,35,10
12,53,8,11,26,4
13,3,2,26,6,10
4,9,18,55,43,3
21,1,26,23,25,4
32,36,42,30,21,33
41,50,22,19,14,21
59,30,46,38,20,27
8,35,27,16,42,30
14,32,47,2,15,36
26,41,33,37,10,21
18,42,13,5,50,4
54,53,23,57,49,35
29,1,20,27,4,17
45,26,28,22,33,17
23,7,2,3,51,26
3,45,25,14,18,7
49,32,4,15,58,21
31,10,12,9,41,37
46,54,13,7,8,35
7,40,55,33,14,15
32,16,19,57,34,13
36,7,26,8,19,15
21,43,28,3,7,2
54,23,19,7,50,14
10,56,24,61,5,12
13,41,19,22,47,5
21,22,52,49,58,34
32,53,22,4,19,24
39,29,32,53,45,16
48,20,14,34,3,21
31,9,23,1,11,6
45,20,38,42,3,27
40,36,49,5,29,30
21,25,16,9,32,8
45,55,29,9,31,7
34,1,7,8,45,15
13,20,33,42,12,37
5,20,40,10,12,3
37,6,1,53,16,27
9,37,39,36,32,14
20,8,21,37,32,4
23,48,21,9,13,24
18,43,13,8,27,15
43,28,47,20,40,31
54,37,34,25,24,29
40,30,20,28,43,3
54,57,51,6,10,12
31,22,25,41,35,38
58,50,36,9,33,31
34,10,38,5,11,21
8,56,10,18,43,9
38,22,55,24,17,24
30,25,3,28,26,10
3,33,30,17,29,34
45,5,46,3,20,37
18,34,40,59,48,25
2,54,12,58,25,14
49,53,13,9,47,39
41,34,30,25,18,10
31,21,9,5,1,12
33,34,26,5,6,13
13,36,48,7,11,18
3,12,47,51,2,10
25,28,11,17,46,12
3,12,27,38,2,17
16,6,10,12,29,33
36,5,8,18,38,40
4,46,16,37,32,13
47,69,30,66,57,3
28,10,34,24,35,32
31,46,36,42,24,32
46,52,37,10,40,12
16,58,22,30,51,25
29,9,49,19,38,20
36,58,27,41,20,7
13,7,47,3,34,30
45,4,35,33,36,22
44,33,29,38,24,7
39,53,35,11,54,24
44,11,41,34,6,20
39,12,49,69,20,17
5,7,28,18,35,1
26,41,14,37,46,24
51,10,45,11,14,17
37,1,43,10,35,30
9,1,19,36,53,33
3,16,30,8,29,4
38,36,35,7,34,14
41,35,19,37,1,11
37,6,41,24,15,37
6,43,48,50,8,7
56,8,12,43,34,9
46,33,52,48,4,17
35,43,36,20,26,23
7,15,3,11,28,12
4,41,1,12,47,3
45,29,36,4,22,30
24,4,23,43,30,28
50,21,28,18,49,16
22,12,4,31,10,3
55,49,28,5,18,38
37,49,17,45,13,4
37,51,6,13,52,25
47,21,41,15,27,20
22,10,13,14,52,11
39,5,24,19,28,24
41,46,11,17,1,24
22,49,27,14,32,5
16,22,18,41,14,37
11,39,41,27,37,42
42,34,59,39,44,8
52,35,16,49,50,31
10,45,48,26,17,38
31,22,55,26,54,18
15,52,25,53,54,2
69,32,52,66,20,23
10,47,68,65,50,24
26,4,32,55,64,18
38,12,32,23,25,27
15,5,46,49,16,26
17,8,42,22,47,21
46,2,23,38,27,26
35,28,34,3,50,8
52,8,49,51,32,23
12,42,49,33,27,31
22,47,29,39,9,25
34,30,51,31,45,23
3,64,68,61,54,9
12,36,28,43,11,9
48,24,12,25,20,37
15,31,39,34,50,35
4,5,43,2,38,34
47,16,14,32,52,16
41,15,6,20,18,17
44,13,34,12,39,5
12,10,38,53,57,1
40,4,41,6,26,15
29,46,27,31,42,33
51,7,32,39,6,31
6,3,39,26,48,28
3,17,49,68,55,8
12,45,13,5,48,35
43,23,1,21,30,11
27,12,3,4,44,26
1,38,40,53,31,42
57,30,19,48,32,14
59,28,51,13,49,33
64,27,65,13,47,9
17,27,2,6,19,2
22,41,49,21,5,15
8,35,15,12,50,32
13,30,24,42,48,27
2,36,39,30,28,10
16,29,26,45,41,1
51,48,16,13,27,21
34,45,38,39,50,33
41,15,6,13,32,3
11,9,5,17,46,39
24,44,52,25,5,20
42,44,35,23,5,29
42,11,32,13,18,4
31,10,5,23,19,26
14,26,32,15,36,12
18,33,36,4,8,32
14,18,19,64,32,9
17,56,37,40,51,25
32,22,40,69,34,19
11,49,8,42,44,39
37,16,29,39,23,17
12,14,21,4,55,7
29,21,13,40,50,6
8,43,53,30,3,15
43,22,49,15,12,14
5,52,14,38,39,6
31,12,57,44,43,11
29,1,42,38,26,30
1,44,42,12,8,13
41,44,20,54,50,22
44,12,43,24,45,7
1,33,28,29,21,15
13,18,14,20,21,16
45,13,48,32,20,17
55,46,53,6,28,2
47,22,23,26,44,12
12,2,33,15,41,33
31,46,13,45,41,21
41,30,10,36,38,1
24,41,17,47,39,21
28,16,12,11,15,11
8,48,32,15,17,24
13,1,16,43,33,1
26,31,35,50,46,28
40,12,15,5,27,14
25,32,6,29,1,9
36,38,5,27,41,12
44,14,7,41,9,25
37,50,20,30,52,33
40,47,14,55,54,6
32,15,12,37,27,11
22,16,30,15,35,20
54,37,35,52,16,33
30,32,15,39,6,5
29,40,16,12,26,32
34,5,51,2,58,9
51,52,36,24,56,22
33,53,59,22,28,14
7,12,23,34,38,33
1,36,30,34,21,37
2,33,41,54,9,14
18,14,3,17,6,14
14,36,31,2,27,9
21,45,26,13,50,20
36,26,34,29,37,24
8,2,29,22,37,3
12,52,55,43,5,10
30,48,42,46,40,23
48,50,3,9,2,23
13,10,24,12,6,19
49,13,26,27,2,4
6,25,46,22,36,34
4,36,26,33,55,32
46,16,41,38,47,25
12,49,21,36,38,18
36,51,45,25,40,8
8,47,4,51,32,27
17,58,39,19,41,21
12,1,44,28,35,25
41,32,4,34,16,25
46,33,3,42,26,41
7,13,16,3,35,22
31,19,9,27,20,39
16,39,24,6,15,12
25,55,3,51,45,13
42,35,19,12,3,21
25,24,49,30,5,23
30,43,2,20,46,19
13,33,11,31,28,29
5,28,33,2,54,30
17,44,23,16,26,13
4,13,10,29,1,3
5,2,26,25,49,18
52,50,14,33,2,22
37,40,44,29,43,6
40,33,51,52,41,6
52,42,30,8,26,15
36,54,24,26,16,11
38,53,9,52,32,15
23,30,42,35,31,6
20,9,36,22,12,31
7,1,23,35,13,19
8,57,17,59,32,24
44,4,18,14,7,25
52,19,57,34,23,21
15,47,19,45,26,3
26,42,58,27,15,37
58,34,6,46,40,6
15,16,19,14,24,2
32,31,55,37,23,35
7,19,38,48,49,10
50,33,32,41,8,22
12,34,3,42,37,36
13,54,41,37,27,32
32,43,53,55,56,6
45,49,50,13,32,30
38,39,47,24,46,26
27,45,19,43,12,28
44,53,7,21,3,16
48,55,28,40,36,1
21,18,11,16,51,16
23,22,35,6,9,6
7,10,35,32,22,19
27,68,12,43,29,1
48,32,63,4,49,20
1,49,42,36,7,41
40,17,21,7,49,37
31,21,19,2,55,19
42,38,40,6,35,36
29,6,8,49,41,42
17,47,9,32,41,8
23,39,8,32,37,38
2,6,19,45,1,27
43,39,2,42,10,23
31,39,22,41,4,6
22,1,41,28,23,18
7,20,45,9,19,5
30,35,57,4,59,25
38,39,28,24,30,16
26,60,67,31,28,23
5,3,29,59,39,29
43,15,18,21,19,7
14,41,12,13,35,29
16,52,9,23,51,12
38,51,17,28,39,33
50,18,23,38,31,20
50,2,15,38,43,29
10,57,51,35,39,20
33,9,56,54,57,5
8,44,21,11,49,22
42,51,6,38,15,18
3,32,19,27,8,38
32,35,29,13,2,4
36,5,2,16,40,36
56,27,46,6,51,21
43,17,14,13,54,15
65,40,44,59,27,20
35,3,19,43,33,1
10,32,18,5,23,4
44,48,15,43,17,29
42,31,23,48,2,21
19,45,21,20,46,20
34,15,48,27,31,1
40,51,32,33,35,1
25,11,9,65,64,16
3,36,15,16,40,22
30,35,21,17,36,12
14,37,6,49,36,20
50,4,31,42,23,23
15,5,16,28,32,39
10,58,26,57,8,4
11,60,23,54,43,3
1,7,8,37,21,2
29,8,9,7,24,25
11,6,34,25,28,35
24,45,13,19,44,16
37,52,22,36,17,24
15,54,20,41,8,22
21,55,33,45,44,7
7,35,27,1,10,34
12,39,14,46,34,36
32,3,25,51,18,3
37,24,10,5,17,15
7,20,21,34,43,34
33,43,28,49,19,23
56,38,46,8,18,31
52,51,16,14,30,19
26,1,38,34,51,6
47,28,13,30,10,26
30,47,27,12,37,26
46,15,43,44,32,19
20,1,45,18,4,7
8,24,59,39,49,5
16,53,41,7,6,23
18,42,14,29,20,2
28,4,2,33,52,18
18,16,46,19,13,36
23,11,17,53,5,34
17,5,44,22,2,30
24,45,21,41,37,39
54,43,13,11,23,4
20,10,4,26,40,8
8,55,21,15,1,41
46,15,40,29,8,23
6,1,44,55,49,36
43,4,46,30,37,42
9,24,43,34,36,27
57,8,55,12,18,2
1,21,29,16,40,30
26,11,21,34,33,29
32,49,42,56,17,11
45,42,5,9,33,28
46,43,18,25,30,18
52,21,9,16,30,9
23,50,28,59,56,5
6,52,48,43,20,28
18,1,21,36,47,33
48,34,55,44,54,10
6,36,50,19,59,13
42,38,46,31,3,2
30,1,29,25,45,12
33,32,51,8,30,2
16,44,2,9,13,36
14,49,9,7,45,23
27,43,12,23,1,31
24,44,31,11,40,27
27,13,28,29,49,36
22,7,1,10,49,24
14,39,2,40,43,13
44,45,1,24,51,28
10,41,44,56,48,4
23,47,36,18,59,36
38,25,36,22,5,37
39,2,10,48,1,13
26,3,9,7,54,19
42,15,6,5,29,10
41,30,49,34,29,37
31,34,48,11,2,5
33,41,59,44,28,21
25,30,45,2,15,17
19,40,25,24,45,5
34,58,24,36,57,11
41,14,13,29,16,1
17,16,42,41,29,4
45,10,23,30,18,2
30,38,5,15,7,2
25,3,32,17,19,17
44,38,64,69,60,6
35,9,50,12,58,4
11,2,39,21,16,42
2,46,26,34,8,30
38,24,26,11,41,7
2,34,11,41,26,32
4,41,39,2,33,26
10,57,31,12,56,33
5,2,57,23,20,3
22,1,42,38,34,17
20,17,10,23,45,31
16,5,50,11,26,34
11,29,1,51,18,32
22,34,19,8,53,29
3,5,45,18,13,20
32,28,6,19,10,39
34,25,41,49,46,29
43,12,20,51,55,11
45,30,54,41,19,14
40,16,47,7,33,33
1,8,19,10,20,23
37,28,44,2,24,6
39,4,27,29,41,16
7,16,33,34,46,27
58,11,3,48,47,19
27,43,14,15,53,28
56,18,55,10,41,15
30,49,54,26,51,25
39,42,26,20,30,32
52,37,50,43,10,14
1,4,10,17,30,6
33,8,45,9,2,5
8,13,29,44,48,36
36,48,54,7,12,37
34,27,23,31,10,11
45,54,42,53,36,36
11,36,28,16,29,21
36,11,13,5,22,31
30,47,33,25,14,8
41,3,12,46,30,32
42,26,25,28,9,26
38,55,33,31,49,39
33,24,49,45,1,6
49,27,26,31,9,4
57,15,29,3,54,10
56,27,29,20,58,31
53,29,9,42,19,17
21,34,36,30,49,42
22,2,13,50,48,2
49,32,9,18,33,27
21,25,33,39,46,18
23,10,48,54,42,3
22,26,53,48,15,14
22,39,49,46,20,29
30,54,19,47,28,13
47,45,2,31,29,4
16,44,7,38,48,18
4,48,15,10,51,13
45,37,44,21,24,24
14,6,32,52,38,20
16,40,43,48,42,1
33,22,49,30,8,6
28,16,35,34,3,14
39,14,43,9,4,38
42,2,36,19,30,19
12,26,32,23,44,20
12,15,18,52,27,36
42,18,43,34,14,32
40,9,27,53,13,28
19,9,29,2,28,19
40,12,32,37,49,37
34,28,53,37,45,32
4,45,21,17,13,10
36,13,23,9,45,39
49,38,40,46,50,34
38,10,35,5,12,9
4,43,46,55,18,25
41,25,8,24,39,21
46,50,16,31,5,18
6,22,4,16,32,11
4,42,18,25,20,29
47,31,14,35,45,35
46,50,12,13,10,21
46,11,12,47,50,22
37,20,41,31,18,1
2,49,12,38,44,19
18,21,28,41,4,3
2,10,43,55,31,14
50,1,8,39,5,23
4,10,43,18,11,41
28,20,23,25,27,2
32,53,34,5,28,10
19,32,26,45,17,14
43,11,16,3,14,10
17,25,44,19,26,19
30,3,22,7,33,20
20,7,15,41,44,22
7,33,50,38,8,29
29,37,23,64,60,6
42,23,10,7,1,35
3,30,26,54,55,15
47,2,63,62,11,17
31,35,41,9,57,26
12,2,40,19,48,27
53,38,30,40,36,8
43,23,42,13,11,18
23,11,31,2,28,39
58,59,32,50,42,31
22,15,42,43,16,11
5,24,52,38,8,22
45,14,48,5,9,28
24,15,20,43,7,5
8,7,50,31,9,31
4,47,58,5,36,6
2,44,35,13,22,28
57,47,46,52,7,17
41,33,16,40,11,34
14,41,11,25,20,8
35,6,51,5,29,21
14,54,27,18,13,32
37,11,26,22,51,21
2,22,19,45,26,24
7,22,10,27,12,26
42,23,59,46,33,4
22,49,42,3,37,8
50,34,29,6,44,28
3,17,29,35,47,34
29,18,11,36,8,6
1,16,13,43,3,24
39,28,58,47,10,22
28,21,20,56,27,4
51,14,23,15,31,34
10,5,12,11,20,2
20,31,56,64,60,2
39,7,40,42,43,4
46,13,32,3,19,18
16,26,46,24,20,9
49,28,18,35,31,13
31,32,23,1,26,33
5,25,40,23,28,34
9,59,31,56,19,2
26,15,1,17,40,19
33,5,42,38,28,19
37,25,50,29,7,17
33,4,48,12,9,18
12,11,32,56,52,11
17,20,49,16,28,34
29,46,11,41,22,42
17,11,29,56,57,14
37,12,1,42,48,31
41,31,39,2,5,29
45,16,38,37,10,14
33,3,6,34,39,15
48,36,14,25,10,2
25,47,34,28,30,14
46,13,8,51,35,30
32,37,46,50,7,26
1,28,3,67,57,9
20,47,3,22,19,2
31,9,43,17,15,16
43,3,2,25,15,25
67,21,65,31,64,5
23,22,34,26,14,29
23,57,42,31,50,5
11,22,24,9,43,2
32,15,8,11,50,27
32,1,50,30,37,19
7,44,33,30,51,10
49,8,37,2,16,11
41,1,21,32,28,9
22,25,31,23,32,25
27,15,1,13,41,2
1,46,39,33,18,33
5,7,21,1,43,20
4,20,30,49,25,37
52,40,48,18,30,9
18,22,33,40,38,19
26,6,12,29,5,30
40,17,46,69,41,6
27,15,21,47,37,16
40,23,44,55,15,14
41,4,42,34,29,11
42,44,24,17,8,37
48,28,59,25,57,16
24,47,44,32,42,15
20,5,18,50,6,35
27,17,11,40,26,6
41,47,55,31,4,1
25,10,35,41,38,23
54,18,8,19,32,8
2,31,6,11,30,33
12,25,17,10,40,20
9,34,30,10,32,11
3,47,46,9,1,22
16,44,40,10,11,2
18,45,22,10,37,9
44,42,16,47,23,2
39,8,47,11,30,23
52,19,43,41,16,35
25,8,11,58,41,16
32,23,47,39,49,22
23,40,53,26,7,21
39,29,4,8,7,24
26,52,39,41,53,20
20,15,31,40,29,1
38,2,12,4,6,17
13,2,54,14,3,4
26,35,48,47,6,21
27,31,41,3,32,33
53,9,39,43,35,10
36,25,21,22,10,39
26,31,49,22,18,28
26,25,20,46,45,15
44,49,33,50,52,8
14,47,32,18,30,36
44,16,22,46,26,20
19,15,56,31,14,5
8,31,24,37,11,41
12,37,48,40,50,37
31,28,48,18,52,37
24,35,4,41,9,31
3,19,32,54,14,24
39,30,19,3,33,9
23,56,43,45,15,7
33,41,36,32,15,7
44,10,58,8,30,13
38,24,3,11,36,6
11,39,40,17,12,5
16,9,6,28,38,13
37,48,53,20,24,11
50,36,24,4,44,2
26,50,57,52,51,37
33,6,46,44,26,4
14,40,39,47,21,6
44,14,24,27,2,6
47,21,23,14,10,7
49,1,8,24,28,24
18,44,1,39,37,13
45,37,50,33,4,11
4,49,39,50,23,39
9,36,44,45,39,9
32,7,45,21,26,8
20,37,34,45,39,32
19,37,47,51,40,40
8,5,12,40,25,28
14,49,39,24,20,7
35,16,33,51,13,28
17,46,22,30,56,16
64,56,61,23,67,12
6,43,8,48,3,1
15,28,5,26,32,9
30,25,12,8,21,20
3,58,16,20,42,7
12,15,38,5,27,7
14,16,27,15,8,26
20,16,10,57,9,15
31,14,41,37,15,31
34,13,44,40,47,24
15,8,26,9,6,7
55,32,8,54,41,20
34,56,36,32,22,33
6,26,30,24,22,12
9,54,38,56,31,20
49,50,15,52,24,40
40,1,52,36,53,20
54,4,7,9,30,25
26,5,37,39,31,42
64,49,57,23,67,20
23,2,9,44,45,38
42,22,27,49,12,34
47,5,29,45,19,25
36,6,53,51,7,17
24,37,5,36,51,19
35,43,15,40,46,33
28,17,36,5,51,5
18,44,35,39,1,11
9,38,43,10,42,5
30,24,57,59,45,26
19,1,4,21,29,8
22,56,2,45,32,12
39,1,4,42,20,2
43,36,35,5,45,19
9,33,19,38,54,15
17,2,36,8,30,22
9,61,28,40,30,3
50,53,7,16,25,15
4,40,14,48,15,12
10,5,24,16,8,5
44,4,27,30,39,18
18,5,33,43,45,8
28,7,35,40,48,14
11,53,8,7,17,36
39,3,17,47,7,9
30,18,49,28,27,20
10,36,52,24,55,15
39,35,3,13,40,37
41,11,40,48,25,3
66,37,22,14,45,5
45,52,41,30,12,35
7,15,36,18,19,20
21,5,46,1,51,29
8,39,31,44,22,11
10,29,14,4,39,10
14,24,32,41,10,30
31,52,23,33,38,24
17,45,28,42,2,20
7,23,15,28,36,10
46,47,31,6,38,21
24,41,31,26,7,25
20,9,27,7,26,18
39,50,51,46,1,7
37,58,14,4,12,13
44,11,34,47,37,23
30,19,12,26,33,11
20,2,46,7,16,34
40,1,8,47,35,9
2,26,42,15,37,36
48,32,25,14,54,10
48,20,9,41,30,29
4,10,34,50,33,14
17,21,25,16,55,3
3,37,20,22,44,36
6,39,8,30,48,20
24,12,19,34,6,18
5,32,26,18,15,35
49,10,48,42,50,42
38,1,53,11,6,11
53,30,19,37,28,36
24,30,8,18,39,26
35,22,46,48,8,15
22,32,37,44,50,34
14,27,58,25,38,6
15,26,24,35,17,38
23,46,11,26,55,27
11,32,45,14,21,21
28,31,54,25,1,2
33,22,42,14,11,38
8,45,13,39,38,31
34,48,29,14,30,1
22,49,32,36,55,8
13,40,35,47,46,35
40,35,6,24,42,2
38,52,42,51,28,21
24,27,22,44,39,25
17,2,32,22,41,8
7,11,31,24,2,18
55,37,39,52,51,11
15,59,27,58,3,20
3,49,4,20,8,18
36,18,6,43,15,11
13,4,49,29,31,4
55,26,48,24,12,14
41,5,42,39,26,39
10,15,23,16,31,5
43,39,8,9,55,26
24,44,53,36,46,18
49,21,29,38,52,42
46,7,40,5,29,5
37,49,21,51,26,25
38,22,1,20,6,22
14,48,15,36,9,17
1,16,32,39,30,2
28,8,56,53,30,16
21,2,22,47,13,31
10,4,53,2,41,22
37,12,49,27,30,20
40,5,48,17,44,26
2,22,63,19,18,19
16,30,20,18,48,6
5,7,43,12,10,7
50,44,45,51,47,8
35,8,12,1,6,3
47,31,22,29,55,19
51,21,32,28,9,35
18,54,56,21,46,23
24,19,10,16,13,15
52,58,53,37,51,38
66,27,11,9,67,2
17,27,32,3,48,1
53,38,15,29,52,7
35,12,9,51,41,36
24,34,31,47,40,30
18,50,23,3,21,4
46,15,26,25,13,28
4,3,11,44,37,24
7,10,31,30,36,37
45,50,48,4,29,1
9,30,48,34,4,8
55,7,52,33,39,33
7,6,38,42,15,42
22,15,49,5,8,25
49,32,31,53,48,25
24,25,9,27,12,33
41,37,17,50,21,1
27,24,2,36,23,3
2,20,13,23,21,24
48,12,54,17,2,2
30,9,22,6,16,4
19,44,15,38,14,20
33,41,4,19,59,9
52,11,14,35,41,2
44,28,36,38,3,1
57,25,8,56,9,22
55,24,63,53,44,19
17,43,11,4,51,20
33,26,14,41,1,37
14,36,8,29,17,3
19,4,33,16,41,29
30,51,53,44,46,25
64,24,59,41,11,15
47,18,58,53,51,30
47,49,59,15,14,10
58,54,45,17,12,13
40,4,17,26,37,15
36,59,26,15,34,35
38,43,6,48,47,27
46,10,3,19,36,3
28,45,24,52,49,2
29,17,7,51,43,38
9,60,64,43,57,10
24,18,6,3,14,21
13,18,14,29,31,23
9,24,17,23,6,14
22,42,5,36,20,11
23,2,47,28,17,36
48,10,18,40,46,30
10,4,11,33,19,27
19,58,37,20,41,14
20,37,49,9,12,17
29,5,31,49,47,25
18,28,19,11,17,34
49,19,13,28,21,11
22,11,7,19,20,1
38,30,4,13,12,30
30,29,2,44,22,36
24,44,30,32,7,18
24,2,28,32,59,25
4,7,3,11,1,23
33,57,53,3,14,36
41,23,5,39,7,6
7,30,5,10,2,23
32,21,17,23,11,5
12,20,28,40,48,8
20,38,27,6,39,31
48,16,31,9,28,36
16,27,45,41,21,14
46,34,32,22,12,2
31,28,23,9,36,26
50,35,21,47,46,2
9,18,47,38,19,11
26,17,24,45,16,36
19,28,33,16,35,16
52,53,3,14,10,3
16,9,17,28,30,11
28,32,40,7,31,14
24,47,34,1,48,18
41,32,30,4,35,9
48,41,17,55,37,39
52,50,1,38,17,24
38,51,6,28,35,41
47,25,39,13,35,1
3,46,10,24,14,37
41,14,6,11,27,38
12,8,22,29,14,22
7,58,55,29,2,27
34,58,5,21,10,33
5,10,3,22,32,7
5,16,6,21,12,7
58,59,35,5,57,12
36,3,56,69,27,25
33,32,34,11,23,38
7,3,8,1,26,7
31,43,37,45,26,32
27,37,22,45,35,3
5,9,49,18,14,32
40,49,38,35,55,41
14,9,8,13,21,37
11,7,30,24,18,26
22,20,21,54,41,7
16,5,49,30,25,39
24,17,45,46,26,19
5,25,32,14,22,4
3,42,26,34,28,28
16,50,42,59,41,5
9,55,42,25,57,14
43,40,19,13,31,36
46,47,8,14,39,18
13,28,56,41,38,25
12,61,54,38,36,22
1,38,25,13,3,17
47,33,11,34,12,39
23,35,20,2,49,25
54,31,9,30,50,39
11,31,52,26,34,14
17,42,44,30,4,15
46,62,59,35,19,13
28,55,54,2,31,23
41,11,16,42,2,16
46,49,7,35,28,20
44,18,5,40,47,34
53,37,14,44,45,29
6,62,32,47,65,19
21,22,11,7,49,19
51,3,48,46,37,22
46,15,42,19,14,37
58,36,16,6,5,3
7,8,29,20,25,11
55,2,7,1,9,29
48,3,26,32,45,6
17,19,13,50,41,13
49,22,20,43,10,3
35,22,25,34,33,14
4,47,17,11,5,35
40,6,51,29,3,4
40,18,17,8,44,16
44,39,30,33,2,1
9,2,19,50,11,32
42,32,49,6,2,35
7,52,6,33,26,24
27,44,33,38,30,15
35,4,43,44,23,35
9,42,14,40,3,3
9,17,3,14,25,8
25,10,40,19,12,33
4,38,24,27,30,14
58,5,25,59,30,32
23,42,68,52,11,6
14,5,40,26,31,29
6,17,48,45,47,4
12,6,9,20,7,20
19,40,35,30,41,14
66,57,2,31,24,18
48,32,9,45,8,15
43,32,9,45,17,31
43,7,26,6,32,13
21,23,13,20,2,35
25,2,17,9,36,8
59,27,56,28,21,21
8,3,23,46,43,13
45,18,43,46,26,29
27,20,11,48,43,12
51,13,46,39,4,1
43,2,51,45,16,35
49,48,5,36,15,11
7,40,9,31,26,24
4,31,34,7,41,28
32,9,23,45,40,31
48,46,28,25,7,19
19,26,21,31,51,40
27,44,41,29,34,2
23,43,12,16,9,37
53,39,8,9,47,4
52,33,47,36,20,12
10,7,32,25,41,22
4,28,27,49,33,39
24,15,32,22,39,18
16,40,8,48,1,10
37,64,17,9,5,2
35,19,14,39,56,33
23,48,36,15,31,12
10,12,1,6,38,17
46,38,29,23,26,35
16,18,51,53,4,23
49,21,15,19,16,5
10,53,17,25,45,9
38,1,42,27,3,24
47,33,18,48,24,23
24,13,19,39,33,8
40,35,42,2,31,34
5,23,16,22,29,6
7,20,6,1,49,23
20,16,43,64,22,17
30,3,31,1,43,36
45,15,8,16,51,11
14,59,54,53,16,5
11,55,58,14,49,30
9,34,22,46,3,17
49,52,5,9,27,6
53,14,5,16,29,7
55,54,48,23,3,5
49,59,13,41,14,14
46,52,24,56,2,19
6,37,42,20,25,25
37,56,3,49,9,32
32,10,25,47,34,5
7,5,39,24,31,7
50,58,16,29,11,33
38,24,5,10,43,1
30,23,44,58,16,4
12,55,24,35,10,31
37,63,12,24,3,10
55,32,50,54,42,32
18,53,5,28,20,27
49,26,4,45,41,6
31,33,30,18,19,15
46,27,15,33,2,27
39,34,52,5,22,30
29,48,36,19,25,12
12,43,27,25,23,29
22,11,53,21,10,18
41,58,27,39,44,17
11,20,13,27,59,26
53,16,69,58,29,21
27,40,13,23,24,17
11,8,51,42,34,27
19,22,13,53,8,24
43,26,3,20,48,1
8,37,2,35,22,6
33,4,24,31,22,10
20,23,4,44,2,22
1,21,42,22,5,18
35,33,47,19,32,26
40,42,30,29,50,16
7,61,41,47,32,3
48,42,2,25,15,14
8,49,2,40,50,36
24,19,32,44,43,39
50,57,24,12,48,22
44,26,48,35,31,32
35,18,43,29,26,28
37,3,43,9,17,39
30,15,48,22,37,12
34,4,52,48,17,10
4,25,20,44,1,5
29,43,31,50,9,18
26,32,14,34,44,6
24,33,35,4,18,34
21,26,47,4,28,37
63,67,1,69,28,17
13,35,18,51,34,28
27,33,40,10,21,2
17,39,16,7,51,32
23,14,3,21,17,16
17,13,8,39,48,34
4,6,27,5,18,24
55,26,48,45,24,8
6,23,19,43,13,16
31,28,38,41,27,13
54,11,52,35,2,13
23,22,30,39,37,16
28,8,32,6,47,26
25,39,64,2,33,17
35,27,16,9,57,29
35,16,37,28,33,17
50,21,27,38,23,38
24,61,43,16,28,21
19,16,20,33,29,10
68,3,21,6,60,24
30,17,2,15,34,32
26,5,45,44,57,29
48,1,47,6,43,36
20,34,58,4,39,31
22,4,28,37,52,10
2,50,38,21,20,22
55,45,31,30,59,27
53,16,15,42,20,17
22,15,42,18,23,37
12,37,31,35,44,34
5,40,18,22,12,21
53,37,46,39,5,8
48,24,4,20,46,32
21,35,49,41,23,5
26,24,42,38,46,16
14,44,25,26,16,30
2,37,43,18,1,37
41,3,6,37,17,8
16,24,38,28,3,28
1,25,44,17,37,20
54,2,49,36,40,10
2,9,12,8,19,25
13,49,31,48,36,11
39,24,5,28,7,36
15,12,31,28,50,12
37,40,41,46,48,20
26,12,46,32,41,18
24,36,21,45,42,15
3,11,45,41,32,29
11,22,13,8,37,17
40,42,18,16,2,33
13,33,18,24,25,31
12,51,29,22,26,9
51,42,1,59,23,20
36,35,7,37,14,10
47,13,34,40,57,11
5,50,52,16,28,4
36,25,44,8,10,28
42,48,20,21,19,23
11,27,13,2,31,23
25,10,40,11,45,25
2,40,28,15,20,15
40,44,55,24,4,5
27,43,53,8,52,5
41,32,39,55,7,13
33,11,16,4,40,9
5,12,40,38,4,28
50,31,9,20,11,14
2,36,13,30,18,26
32,52,36,48,11,19
4,28,31,44,21,10
32,18,10,14,33,2
50,44,11,48,45,2
29,8,28,34,38,35
11,4,43,6,2,9
47,6,2,34,35,22
11,20,46,27,3,8
14,39,55,19,26,29
67,16,63,38,55,25
56,13,8,41,3,16
41,8,7,55,23,23
6,39,5,45,1,14
5,32,48,47,43,33
26,14,18,32,15,6
21,38,12,4,46,37
15,20,42,37,13,7
24,22,12,35,31,8
35,18,46,49,28,27
6,25,7,8,1,18
2,45,26,9,47,11
31,15,13,54,10,18
54,18,3,39,43,41
55,15,49,16,28,18
57,32,30,42,56,11
14,38,35,8,46,24
7,47,19,43,46,4
41,20,13,42,53,2
57,59,54,25,30,6
37,6,34,14,40,7
2,20,19,29,16,13
2,4,15,28,14,23
55,30,53,48,19,18
40,24,13,29,52,29
16,34,9,8,48,8
36,20,47,50,35,5
26,34,2,33,39,23
23,29,8,13,47,32
29,13,8,16,19,37
57,62,69,49,48,19
2,23,36,3,22,22
39,50,41,25,4,31
6,42,43,47,22,16
46,7,43,54,20,17
32,34,14,23,68,3
14,10,40,51,30,1
25,66,44,5,26,9
5,13,43,55,28,33
25,29,36,46,4,8
48,2,16,41,3,19
5,14,11,51,22,17
34,24,33,13,19,41
19,39,29,6,44,28
8,12,49,17,35,18
53,52,49,27,17,23
49,9,7,23,37,7
38,6,36,48,51,17
3,34,45,42,24,1
25,24,5,3,2,8
21,4,41,32,39,31
44,46,16,12,43,38
17,49,15,1,2,35
52,9,31,39,12,32
43,33,38,10,2,19
1,8,59,46,41,24
34,20,36,39,18,19
